phase_type,duration,energy_start,energy_end,energy_consumed,battery_start,battery_end,battery_delta,rho,tau,planning_time,start_time,end_time
traveling,2,0,312.466218060159,312.466218060159,100+0i,99.9950659109546,-0.00493408904543458,2,,,1,21
planning,0.7,312.466218060159,333.849550158035,21.3833320978761,99.9950659109546+0i,99.9947801706045,-0.000285740350108199,,,0.655740699156587,21,28
dwelling,1.7,333.849550158035,378.237649975887,44.3880998178515,99.9947801706045+0i,99.9941881793555,-0.000591991248924728,,1.63333331837591,,28,45
planning,0.5,378.237649975887,392.678864735157,14.4412147592702,99.9941881793555+0i,99.9939953470856,-0.000192832269974019,,,0.489764395788231,45,50
traveling,2.1,392.678864735157,749.436292484784,356.757427749627,99.9939953470856+0i,99.9878935676794+0.00197301762166351i,-0.00610177940620815+0.00197301762166351i,2.06824278070443,,,50,71
planning,0.3,749.436292484784,758.072435833128,8.63614334834472,99.9878935676794+0.00197301762166351i,99.9877782544492+0.0019730177465675i,-0.00011531323012548+1.24903986459257e-10i,,,0.243524968724989,71,74
dwelling,4.4,758.072435833128,867.202018594544,109.129582761416,99.9877782544492+0.0019730177465675i,99.9863236594718+0.00197301931662932i,-0.00145459497740319+1.57006182490912e-09i,,4.39230760949052,,74,118
planning,1,867.202018594544,894.211643768303,27.0096251737591,99.9863236594718+0.00197301931662932i,99.985963298502+0.00197301970637211i,-0.000360360969807516+3.89742785354003e-10i,,,0.961898080855054,118,128
traveling,2.3,894.211643768303,950.64640553223,56.4347617639271,99.985963298502+0.00197301970637211i,99.9852111569341+0.00197302051809438i,-0.000752141567957665+8.11722277935245e-10i,2.2052674246485,,,128,151
planning,1,950.64640553223,974.444712715403,23.7983071831725,99.9852111569341+0.00197302051809438i,99.984894088421+0.00197302086005494i,-0.000317068513069785+3.41960560562571e-10i,,,0.900053846417662,151,161
dwelling,7.09999999999999,974.444712715403,1126.37506783911,151.930355123705,99.984894088421+0.00197302086005494i,99.9828720068213+0.00197302303640544i,-0.00202208159966233+2.17635049825499e-09i,,7.07925707737318,,161,232
planning,0.6,1126.37506783911,1140.15946476502,13.7843969259079,99.9828720068213+0.00197302303640544i,99.9826884215693+0.0019730232342782i,-0.000183585252003127+1.97872761144996e-10i,,,0.507858284661118,232,238
traveling,4.2,1140.15946476502,1646.38614301854,506.226678253524,99.9826884215693+0.0019730232342782i,99.9737910899665+0.00382402392190882i,-0.00889733160278183+0.00185100068763061i,4.20398085290687,,,238,280
planning,0.6,1646.38614301854,1661.37693318712,14.990790168582,99.9737910899665+0.00382402392190882i,99.9735912601369+0.00382402434026377i,-0.00019982982959732+4.18354951809558e-10i,,,0.576721515614685,280,286
dwelling,6.59999999999999,1661.37693318712,1797.47766651822,136.100733331096,99.9735912601369+0.00382402434026377i,99.9717804642564+0.00382402811688164i,-0.00181079588051603+3.77661787433203e-09i,,6.59999991171069,,286,352
planning,0.7,1797.47766651822,1813.9446589861,16.4669924678788,99.9717804642564+0.00382402811688164i,99.9715610970155+0.00382402857558477i,-0.000219367240930524+4.58703127998589e-10i,,,0.669175304534394,352,359
traveling,3.8,1813.9446589861,1918.55246803907,104.607809052975,99.9715610970155+0.00382402857558477i,99.9701648094841+0.00382403150701554i,-0.00139628753143484+2.93143077086805e-09i,3.85847839141878,,,359,397
planning,0.4,1918.55246803907,1927.9525672801,9.40009924102992,99.9701648094841+0.00382403150701554i,99.9700395859864+0.00382403176887417i,-0.000125223497676075+2.61858631132872e-10i,,,0.319599735180496,397,401
dwelling,5.1,1927.9525672801,2038.34987978958,110.397312509479,99.9700395859864+0.00382403176887417i,99.9685701141469+0.00382403483683055i,-0.00146947183948498+3.06795638069582e-09i,,5.05022543980233,,401,452
planning,0.3,2038.34987978958,2045.78997140198,7.44009161240228,99.9685701141469+0.00382403483683055i,99.9684709443757+0.00382403504446075i,-9.91697712038331e-05+2.0763019385403e-10i,,,0.242849598318169,452,455
traveling,4.4,2045.78997140198,2407.59753705745,361.807565655472,99.9684709443757+0.00382403504446075i,99.9632399158243+0.00382404825685111i,-0.00523102855139257+1.32123903649403e-08i,4.35321903747468,,,455,499
planning,0.3,2407.59753705745,2415.53312812339,7.9355910659383,99.9632399158243+0.00382404825685111i,99.9631340642232+0.00382404847884972i,-0.000105851601148288+2.21998602660534e-10i,,,0.218676632399634,499,502
dwelling,7.39999999999999,2415.53312812339,2589.45559129919,173.922463175795,99.9631340642232+0.00382404847884972i,99.9608171246466+0.00382405332570297i,-0.00231693957660184+4.84685325121553e-09i,,7.36666658321568,,502,576
planning,0.7,2589.45559129919,2607.63628080312,18.180689503934,99.9608171246466+0.00382405332570297i,99.9605746662672+0.00382405383404025i,-0.000242458379318577+5.08337287628141e-10i,,,0.678652304800188,576,583
traveling,4.6,2607.63628080312,2963.67289955498,356.036618751857,99.9605746662672+0.00382405383404025i,99.9554203903632+0.0038240669964421i,-0.00515427590406148+1.31624018485758e-08i,4.57337778570676,,,583,629
planning,0.2,2963.67289955498,2969.00525945124,5.33235989625882,99.9554203903632+0.0038240669964421i,99.9553492559918+0.00382406714570901i,-7.11343713817314e-05+1.49266903958639e-10i,,,0.14651491061489,629,631
dwelling,8.39999999999999,2969.00525945124,3159.93816008646,190.932900635223,99.9553492559918+0.00382406714570901i,99.9528065617314+0.00382407246303464i,-0.00254269426041276+5.31732563709142e-09i,,8.33331772949522,,631,715
planning,0.3,3159.93816008646,3167.35455159469,7.41639150823494,99.9528065617314+0.00382407246303464i,99.9527077104424+0.00382407267012816i,-9.88512890103266e-05+2.07093520717544e-10i,,,0.212601533358843,715,718
traveling,4.1,3167.35455159469,3271.75655483308,104.40200323839,99.9527077104424+0.00382407267012816i,99.9513155744126+0.00382407558924781i,-0.00139213602980703+2.91911964305641e-09i,4.14377871247605,,,718,759
planning,0.4,3271.75655483308,3280.86949126099,9.11293642790997,99.9513155744126+0.00382407558924781i,99.9511942132642+0.00382407584308056i,-0.000121361148330834+2.53832753861066e-10i,,,0.337583864052045,759,763
dwelling,6,3280.86949126099,3407.40382707829,126.534335817299,99.9511942132642+0.00382407584308056i,99.9495103341797+0.00382407935991676i,-0.0016838790845668+3.51683619639193e-09i,,5.9923075891925,,763,823
planning,1,3407.40382707829,3430.00213006071,22.5983029824183,99.9495103341797+0.00382407935991676i,99.9492094052189+0.00382407998927874i,-0.000300928960740521+6.29361979198606e-10i,,,0.933759848385332,823,833
traveling,4.9,3430.00213006071,3628.72083616393,198.718706103223,99.9492094052189+0.00382407998927874i,99.9465197191168+0.00382408580982845i,-0.00268968610212994+5.82054970844556e-09i,4.81620736015802,,,833,882
planning,0.8,3628.72083616393,3645.0852744238,16.3644382598659,99.9465197191168+0.00382408580982845i,99.9463020075086+0.00382408626434562i,-0.000217711608158311+4.54517179102054e-10i,,,0.758112431327419,882,890
dwelling,8.19999999999999,3645.0852744238,3811.96902084323,166.883746419434,99.9463020075086+0.00382408626434562i,99.9440817131088+0.00382409090026425i,-0.00222029439980531+4.63591862467916e-09i,,8.13333330206719,,890,972
planning,0.2,3811.96902084323,3817.35739898413,5.3883781408922,99.9440817131088+0.00382409090026425i,99.944009822229+0.00382409105123155i,-7.18908798518214e-05+1.50967300726473e-10i,,,0.142187159290504,972,974
traveling,4.9,3817.35739898413,4089.4598701662,272.10247118207,99.944009822229+0.00382409105123155i,99.9402582005423+0.00382409951613369i,-0.0037516216867175+8.46490213904719e-09i,4.88284268445999,,,974,1023
planning,0.7,4089.4598701662,4109.29762311374,19.837752947542,99.9402582005423+0.00382409951613369i,99.9399933640412+0.00382410007307095i,-0.000264836501060017+5.56937258464063e-10i,,,0.625937626080496,1023,1030
dwelling,8.99999999999999,4109.29762311374,4335.98876598721,226.691142873471,99.9399933640412+0.00382410007307095i,99.9369711458776+0.00382410641152232i,-0.00302221816362191+6.33845137227446e-09i,,8.99999959376335,,1030,1120
planning,1,4335.98876598721,4364.24844420978,28.2596782225701,99.9369711458776+0.00382410641152232i,99.9365938888762+0.00382410720493179i,-0.00037725700134672+7.93409473971024e-10i,,,0.979129132433892,1120,1130
traveling,4.4,4364.24844420978,4503.7235180594,139.475073849616,99.9365938888762+0.00382410720493179i,99.9347289197765+0.00382411114028434i,-0.00186496909975631+3.93535254990945e-09i,4.50124904036906,,,1130,1174
planning,0.2,4503.7235180594,4509.29754224221,5.57402418281799,99.9347289197765+0.00382411114028434i,99.9346545212289+0.00382411129671175i,-7.43985475395448e-05+1.56427405317155e-10i,,,0.12202051825213,1174,1176
dwelling,7.09999999999999,4509.29754224221,4686.33734070306,177.039798460842,99.9346545212289+0.00382411129671175i,99.9322944950309+0.00382411624638326i,-0.00236002619801923+4.94967150946324e-09i,,7.0461536738377,,1176,1247
planning,0.7,4686.33734070306,4708.76721778755,22.4298770844944,99.9322944950309+0.00382411624638326i,99.9319945615704+0.00382411687944644i,-0.000299933460482293+6.33063180870141e-10i,,,0.668464274361376,1247,1254
traveling,5.1,4708.76721778755,5018.23937123189,309.472153444337,99.9319945615704+0.00382411687944644i,99.9277635207389+0.00382412623909915i,-0.00423104083151316+9.35965270738859e-09i,5.01031030293733,,,1254,1305
planning,0.6,5018.23937123189,5037.87274078949,19.6333695576004,99.9277635207389+0.00382412623909915i,99.9275009026828+0.00382412679385056i,-0.000262618056140695+5.54751417112392e-10i,,,0.561920154265977,1305,1311
dwelling,9.39999999999998,5037.87274078949,5286.93197050112,249.059229711628,99.9275009026828+0.00382412679385056i,99.9241785646439+0.00382413377365562i,-0.00332233803889892+6.97980506074794e-09i,,9.39999991369829,,1311,1405
planning,0.9,5286.93197050112,5312.44144102184,25.5094705207221,99.9241785646439+0.00382413377365562i,99.9238380064965+0.00382413449034422i,-0.00034055814738565+7.1668859345439e-10i,,,0.848709226458282,1405,1414
traveling,5.3,5312.44144102184,5536.34423787462,223.902796852782,99.9238380064965+0.00382413449034422i,99.9208203701955+0.00382414096680675i,-0.00301763630102414+6.47646253336756e-09i,5.23937486892253,,,1414,1467
planning,0.6,5536.34423787462,5550.16064866249,13.8164107878738,99.9208203701955+0.00382414096680675i,99.9206363474185+0.003824141352305i,-0.000184022776977599+3.85498244871024e-10i,,,0.523780036965869,1467,1473
dwelling,10.2,5550.16064866249,5775.19572044391,225.035071781418,99.9206363474185+0.003824141352305i,99.9176403044728+0.00382414762375896i,-0.00299604294573896+6.27145396552009e-09i,,10.1666664348187,,1473,1575
planning,0.7,5775.19572044391,5791.3472550321,16.1515345881844,99.9176403044728+0.00382414762375896i,99.9174251759758+0.00382414807449705i,-0.000215128496989792+4.50738091382213e-10i,,,0.614626958012946,1575,1582
traveling,4.7,5791.3472550321,5916.04440765375,124.697152621654,99.9174251759758+0.00382414807449705i,99.9157616153605+0.00382415157149438i,-0.00166356061525619+3.49699732279246e-09i,4.70888548893764,,,1582,1629
planning,1,5916.04440765375,5941.44556913996,25.4011614862102,99.9157616153605+0.00382415157149438i,99.9154229411763+0.00382415228261437i,-0.000338674184163779+7.11119990150222e-10i,,,0.911647424007853,1629,1639
dwelling,7.09999999999999,5941.44556913996,6101.81462469966,160.369055559701,99.9154229411763+0.00382415228261437i,99.9132873392485+0.00382415675599493i,-0.00213560192786133+4.47338056657962e-09i,,7.03076908604058,,1639,1710
planning,0.1,6101.81462469966,6104.55679930364,2.74217460398086,99.9132873392485+0.00382415675599493i,99.9132507452428+0.0038241568329781i,-3.65940056781255e-05+7.69831715735636e-11i,,,0.0514482932302053,1710,1711
traveling,5.2,6104.55679930364,6381.24976159138,276.692962287737,99.9132507452428+0.0038241568329781i,99.909468761989+0.00382416520775146i,-0.00378198325383039+8.37477335960748e-09i,5.13274420390791,,,1711,1763
planning,0.5,6381.24976159138,6393.97039884358,12.7206372522005,99.909468761989+0.00382416520775146i,99.9092991540224+0.00382416556399019i,-0.000169607966540752+3.56238724283364e-10i,,,0.454966145002097,1763,1768
dwelling,10.1,6393.97039884358,6617.67783510795,223.707436264371,99.9092991540224+0.00382416556399019i,99.9063206329407+0.00382417180246293i,-0.00297852108170105+6.23847274229886e-09i,,10.0999998715081,,1768,1869
planning,0.4,6617.67783510795,6627.80003214132,10.1221970333709,99.9063206329407+0.00382417180246293i,99.9061856782941+0.00382417208592315i,-0.000134954646668461+2.83460222308407e-10i,,,0.309369242422749,1869,1873
traveling,5.3,6627.80003214132,6852.53583543936,224.735803298038,99.9061856782941+0.00382417208592315i,99.9031495768848+0.00382417864097795i,-0.0030361014092648+6.55505479497248e-09i,5.29552786651187,,,1873,1926
planning,0.2,6852.53583543936,6857.67265573259,5.13682029323081,99.9031495768848+0.00382417864097795i,99.9030810786134+0.00382417878492028i,-6.84982713892168e-05+1.43942332012092e-10i,,,0.162898900217732,1926,1928
dwelling,10.8,6857.67265573259,7135.92113919632,278.248483463733,99.9030810786134+0.00382417878492028i,99.8993702538826+0.00382418658541941i,-0.00371082473080264+7.80049912640565e-09i,,10.7999998651511,,1928,2036
planning,0.6,7135.92113919632,7155.60453419921,19.6833950028913,99.8993702538826+0.00382418658541941i,99.8991069528691+0.00382418714235345i,-0.000263301013461614+5.56934039250973e-10i,,,0.54020403751352,2036,2042
traveling,4.7,7155.60453419921,7310.07710015315,154.47256595394,99.8991069528691+0.00382418714235345i,99.8970404495629+0.00382419151430796i,-0.00206650330628122+4.37195451152492e-09i,4.72472367405959,,,2042,2089
planning,0.2,7310.07710015315,7315.82987699472,5.75277684156208,99.8970404495629+0.00382419151430796i,99.8969636332642+0.00382419167621731i,-7.6816298658855e-05+1.61909357882656e-10i,,,0.168690278712271,2089,2091
dwelling,10.7,7315.82987699472,7590.1177931932,274.287916198479,99.8969636332642+0.00382419167621731i,99.8933061150469+0.00382419936457842i,-0.00365751821732374+7.68836110921767e-09i,,10.660279697182,,2091,2198
planning,0.6,7590.1177931932,7606.11728183191,15.9994886387112,99.8933061150469+0.00382419936457842i,99.8930926716492+0.00382419981370036i,-0.000213443397655055+4.49121939291586e-10i,,,0.598628526633235,2198,2204
traveling,5.9,7606.11728183191,7815.93086577251,209.813583940603,99.8930926716492+0.00382419981370036i,99.8902790561992+0.00382420579755293i,-0.00281361544998049+5.98385256709438e-09i,5.86818076445744,,,2204,2263
planning,0.4,7815.93086577251,7826.41395831296,10.4830925404467,99.8902790561992+0.00382420579755293i,99.8901392334107+0.00382420609168145i,-0.000139822788497668+2.94128517982356e-10i,,,0.396418535561727,2263,2267
dwelling,11.6,7826.41395831296,8090.12774083508,263.713782522124,99.8901392334107+0.00382420609168145i,99.8866271819343+0.00382421345746721i,-0.00351205147646283+7.36578575953953e-09i,,11.5666666017329,,2267,2383
planning,0.1,8090.12774083508,8092.6570539662,2.52931313112003,99.8866271819343+0.00382421345746721i,99.8865934596494+0.00382421352835822i,-3.37222848543206e-05+7.08910135455154e-11i,,,0.00565306812684552,2383,2384
traveling,5.7,8092.6570539662,8302.4973446117,209.840290645501,99.8865934596494+0.00382421352835822i,99.8837750844044+0.00382421954374799i,-0.00281837524498485+6.01538976789662e-09i,5.68870683640641,,,2384,2441
planning,0.5,8302.4973446117,8315.3496095486,12.8522649368952,99.8837750844044+0.00382421954374799i,99.8836036991299+0.00382421990421287i,-0.000171385274569502+3.60464879299582e-10i,,,0.469100520229019,2441,2446
dwelling,12.4,8315.3496095486,8607.71734431,292.367734761407,99.8836036991299+0.00382421990421287i,99.8797085139791+0.0038242280824008i,-0.0038951851507818+8.1781879302488e-09i,,12.3333331906736,,2446,2570
planning,1,8607.71734431,8634.85747846729,27.1401341572891,99.8797085139791+0.0038242280824008i,99.8793463693795+0.00382422884519617i,-0.000362144599563408+7.62795371138381e-10i,,,0.986680043980283,2570,2580
traveling,5,8634.85747846729,8791.20695602982,156.349477562522,99.8793463693795+0.00382422884519617i,99.8772561404927+0.00382423326518052i,-0.00209022888680011+4.41998435074531e-09i,5.15557372272537,,,2580,2630
planning,0.2,8791.20695602982,8796.95078834005,5.74383231023603,99.8772561404927+0.00382423326518052i,99.8771794443078+0.0038242334269715i,-7.6696184905245e-05+1.61790976015846e-10i,,,0.132285325427939,2630,2632
dwelling,13.3,8796.95078834005,9125.63808755539,328.687299215342,99.8771794443078+0.0038242334269715i,99.8727981997922+0.00382424263755936i,-0.00438124451562771+9.2105878670562e-09i,,13.2045880836668,,2632,2765
planning,0.6,9125.63808755539,9142.08281834337,16.44473078798,99.8727981997922+0.00382424263755936i,99.872578742044+0.00382424310006212i,-0.000219457748158902+4.62502758747513e-10i,,,0.555307624725453,2765,2771
traveling,6.39999999999999,9142.08281834337,9380.56509448762,238.482276144246,99.872578742044+0.00382424310006212i,99.8693797806054+0.00382424991319332i,-0.00319896143862763+6.81313119593394e-09i,6.43915812981289,,,2771,2835
planning,0.1,9380.56509448762,9383.57437261601,3.00927812838927,99.8693797806054+0.00382424991319332i,99.8693395737771+0.00382424999814363i,-4.02068283591461e-05+8.49503106747918e-11i,,,0.0535978153165582,2835,2836
dwelling,13.9,9383.57437261601,9732.35532743113,348.78095481512,99.8693395737771+0.00382424999814363i,99.8646896721907+0.00382425978035772i,-0.00464990158633327+9.78221409170948e-09i,,13.8999999905765,,2836,2975
planning,0.4,9732.35532743113,9742.96292955587,10.6076021247372,99.8646896721907+0.00382425978035772i,99.864548167422+0.00382426007844295i,-0.000141504768720324+2.98085234013562e-10i,,,0.397228260437835,2975,2979
traveling,6.09999999999999,9742.96292955587,9936.83160320525,193.868673649387,99.864548167422+0.00382426007844295i,99.8619544129965+0.00382426557520287i,-0.00259375442554699+5.49675991442372e-09i,6.18119469514492,,,2979,3040
planning,0.2,9936.83160320525,9941.84973976811,5.01813656285776,99.8619544129965+0.00382426557520287i,99.861887513302+0.00382426571596744i,-6.68996944312994e-05+1.4076456666956e-10i,,,0.113566338672047,3040,3042
dwelling,14.7,9941.84973976811,10285.0379192781,343.188179509962,99.861887513302+0.00382426571596744i,99.8573156483903+0.00382427532231742i,-0.00457186491176742+9.60634998891513e-09i,,14.6666653639199,,3042,3189
planning,0.6,10285.0379192781,10302.4823870869,17.444467808833,99.8573156483903+0.00382427532231742i,99.8570826765137+0.00382427581436526i,-0.000232971876584998+4.92047835202319e-10i,,,0.566620582441644,3189,3195
traveling,5.3,10302.4823870869,10474.349107231,171.866720144097,99.8570826765137+0.00382427581436526i,99.8547838490973+0.00382428068506086i,-0.00229882741639642+4.87069559641437e-09i,5.4309181372171,,,3195,3248
planning,0.4,10474.349107231,10486.1263123987,11.7772051676893,99.8547838490973+0.00382428068506086i,99.8546265381159+0.00382428101745494i,-0.000157310981379055+3.32394088382176e-10i,,,0.347186297893882,3248,3252
dwelling,13.4,10486.1263123987,10825.9860525272,339.859740128522,99.8546265381159+0.00382428101745494i,99.8500950231811+0.00382429055895985i,-0.00453151493483972+9.54150490431807e-09i,,13.3867127712372,,3252,3386
planning,0.1,10825.9860525272,10828.8399820419,2.85392951471658,99.8500950231811+0.00382429055895985i,99.8500569177159+0.00382429063942687i,-3.81054651370505e-05+8.04670215008574e-11i,,,0.00997739496020689,3386,3387
traveling,6.39999999999999,10828.8399820419,11062.9402812268,234.100299184822,99.8500569177159+0.00382429063942687i,99.8469178095285+0.00382429732687058i,-0.00313910818736929+6.68744371337682e-09i,6.43474794573763,,,3387,3451
planning,0.1,11062.9402812268,11065.8587979625,2.91851673578094,99.8469178095285+0.00382429732687058i,99.846878830516+0.00382429740924137i,-3.89790125723266e-05+8.23707859733125e-11i,,,0.001463175172423,3451,3452
dwelling,14.6,11065.8587979625,11422.2369567878,356.37815882528,99.846878830516+0.00382429740924137i,99.8421290582034+0.00382430740520957i,-0.00474977231260709+9.99596819727111e-09i,,14.5999998475964,,3452,3598
planning,0.2,11422.2369567878,11428.1861141559,5.94915736808071,99.8421290582034+0.00382430740520957i,99.8420495827793+0.00382430757327767i,-7.94754240587281e-05+1.68068099368202e-10i,,,0.176661204694203,3598,3600
traveling,6.19999999999999,11428.1861141559,11644.6507554042,216.464641248302,99.8420495827793+0.00382430757327767i,99.8391494512679+0.00382431374288343i,-0.00290013151145274+6.1696057611707e-09i,6.23307955172267,,,3600,3662
planning,0.6,11644.6507554042,11661.2535874244,16.6028320202313,99.8391494512679+0.00382431374288343i,99.8389278537467+0.00382431421069939i,-0.000221597521161243+4.67815966086887e-10i,,,0.547286633863654,3662,3668
dwelling,14.5,11661.2535874244,12010.9395044634,349.685917038927,99.8389278537467+0.00382431421069939i,99.8342678750732+0.0038243240184719i,-0.00465997867347312+9.80777250473436e-09i,,14.4999996615698,,3668,3813
planning,1,12010.9395044634,12038.4169092223,27.477404758989,99.8342678750732+0.0038243240184719i,99.8339011665056+0.00382432479266247i,-0.000366708567582918+7.74190569291511e-10i,,,0.92573618067275,3813,3823
traveling,5.4,12038.4169092223,12190.4012176001,151.984308377721,99.8339011665056+0.00382432479266247i,99.8318721868987+0.00382432907911049i,-0.0020289796069477+4.28644801901343e-09i,5.52874914476473,,,3823,3877
planning,0.5,12190.4012176001,12204.1864455149,13.7852279148374,99.8318721868987+0.00382432907911049i,99.8316882040947+0.0038243294676036i,-0.000183982803989124+3.88493109210186e-10i,,,0.469758776292843,3877,3882
dwelling,14,12204.1864455149,12516.3677720225,312.181326507618,99.8316882040947+0.0038243294676036i,99.8275313084201+0.00382433820519639i,-0.00415689567459765+8.73759279339248e-09i,,13.9540715221309,,3882,4022
planning,0.8,12516.3677720225,12536.046475609,19.6787035864418,99.8275313084201+0.00382433820519639i,99.8272690114843+0.00382433875769975i,-0.00026229693584412+5.52503364673745e-10i,,,0.7656981256747,4022,4030
traveling,6.69999999999999,12536.046475609,12743.706611112,207.660135503036,99.8272690114843+0.00382433875769975i,99.8244921788875+0.00382434464563359i,-0.00277683259677985+5.88793383276762e-09i,6.73957622963128,,,4030,4097
planning,0.7,12743.706611112,12761.3572741408,17.650663028784,99.8244921788875+0.00382434464563359i,99.8242568491709+0.00382434514167229i,-0.000235329716574029+4.96038698831469e-10i,,,0.656487934875432,4097,4104
dwelling,14.9,12761.3572741408,13111.5190840377,350.161809896892,99.8242568491709+0.00382434514167229i,99.8195916017644+0.00382435496216946i,-0.00466524740652119+9.82049717761224e-09i,,14.8333332384196,,4104,4253
planning,0.3,13111.5190840377,13118.5197158365,7.00063179880453,99.8195916017644+0.00382435496216946i,99.8194983419211+0.00382435515845994i,-9.32598432541454e-05+1.96290480397598e-10i,,,0.26818637266786,4253,4256
traveling,6.39999999999999,13118.5197158365,13314.8403113323,196.320595495859,99.8194983419211+0.00382435515845994i,99.8168724574324+0.00382436073122333i,-0.002625884488765+5.57276338139859e-09i,6.47472274170183,,,4256,4320
planning,0.6,13314.8403113323,13330.4084531037,15.568141771324,99.8168724574324+0.00382436073122333i,99.8166648259064+0.00382436116930849i,-0.000207631525995566+4.38085165799934e-10i,,,0.569745499842289,4320,4326
dwelling,15.5,13330.4084531037,13710.4424636145,380.034010510808,99.8166648259064+0.00382436116930849i,99.811599423695+0.00382437184491757i,-0.00506540221137186+1.06756090760031e-08i,,15.4999994658418,,4326,4481
planning,0.5,13710.4424636145,13723.5017056094,13.0592419949608,99.811599423695+0.00382437184491757i,99.8114252398077+0.00382437221257125i,-0.000174183887310164+3.67653683538971e-10i,,,0.427356686821267,4481,4486
traveling,5.4,13723.5017056094,13884.9658169462,161.46411133672,99.8114252398077+0.00382437221257125i,99.8092678866801+0.00382437678244891i,-0.00215735312755783+4.5698776637848e-09i,5.58547962817158,,,4486,4540
planning,0.3,13884.9658169462,13893.6565519293,8.69073498311081,99.8092678866801+0.00382437678244891i,99.8091518239181+0.00382437702807403i,-0.000116062762018032+2.45625112697129e-10i,,,0.255017609331153,4540,4543
dwelling,14.9,13893.6565519293,14270.7683483983,377.111796469035,99.8091518239181+0.00382437702807403i,99.8041236402269+0.0038243876360313i,-0.00502818369118074+1.06079572708383e-08i,,14.8191305475097,,4543,4692
planning,0.2,14270.7683483983,14276.2619107864,5.4935623880956,99.8041236402269+0.0038243876360313i,99.8040503233639+0.0038243877910196i,-7.33168630659975e-05+1.54988298237124e-10i,,,0.102918579221459,4692,4694
traveling,6.69999999999999,14276.2619107864,14513.1223669847,236.860456198265,99.8040503233639+0.0038243877910196i,99.8008766958563+0.00382439455446514i,-0.00317362750755024+6.76344554580849e-09i,6.73373393053084,,,4694,4761
planning,0.8,14513.1223669847,14534.8070419847,21.6846750000095,99.8008766958563+0.00382439455446514i,99.8005873380043+0.00382439516604944i,-0.00028935785196893+6.11584302298573e-10i,,,0.787552972956609,4761,4769
dwelling,15,14534.8070419847,14892.9139764489,358.106934464244,99.8005873380043+0.00382439516604944i,99.7958155298155+0.00382440522409159i,-0.00477180818884904+1.00580421456831e-08i,,14.9999999469327,,4769,4919
planning,0.2,14892.9139764489,14898.3504183533,5.43644190439591,99.7958155298155+0.00382440522409159i,99.7957429840725+0.00382440537746681i,-7.25457429808785e-05+1.53375223112262e-10i,,,0.130651597357995,4919,4921
traveling,6.39999999999999,14898.3504183533,15115.1231392088,216.77272085551,99.7957429840725+0.00382440537746681i,99.7928398771405+0.00382441156069669i,-0.00290310693205242+6.18322987602782e-09i,6.49251633078309,,,4921,4985
planning,0.3,15115.1231392088,15123.7563598247,8.63322061584404,99.7928398771405+0.00382441156069669i,99.7927245912171+0.00382441180481224i,-0.000115285923328656+2.44115550256802e-10i,,,0.218043374944113,4985,4988
dwelling,15.9,15123.7563598247,15510.1629495624,386.406589737753,99.7927245912171+0.00382441180481224i,99.7875746667005+0.00382442266795272i,-0.00514992451668661+1.08631404852413e-08i,,15.8666663912441,,4988,5147
planning,0.9,15510.1629495624,15531.9981019709,21.8351524085283,99.7875746667005+0.00382442266795272i,99.7872836634361+0.00382442328181795i,-0.000291003264365486+6.13865225145005e-10i,,,0.802662600545296,5147,5156
traveling,5.5,15531.9981019709,15674.2961386947,142.298036723743,99.7872836634361+0.00382442328181795i,99.785385843089+0.00382442729128814i,-0.00189782034703967+4.00947018685052e-09i,5.66995226766971,,,5156,5211
planning,0.8,15674.2961386947,15693.5936807915,19.2975420967796,99.785385843089+0.00382442729128814i,99.7851286742385+0.00382442783376715i,-0.000257168850538392+5.42479013532909e-10i,,,0.799562340196158,5211,5219
dwelling,15,15693.5936807915,16006.9725406534,313.37885986197,99.7851286742385+0.00382442783376715i,99.7809581663394+0.00382443660759976i,-0.00417050789913276+8.77383261269765e-09i,,14.9435229836283,,5219,5369
planning,0.8,16006.9725406534,16025.8864145543,18.9138739008904,99.7809581663394+0.00382443660759976i,99.7807061624359+0.00382443713906298i,-0.000252003903497666+5.31463214582806e-10i,,,0.761779254255429,5369,5377
traveling,6.99999999999999,16025.8864145543,16231.5737716272,205.687357072899,99.7807061624359+0.00382443713906298i,99.777958051059+0.00382444296762321i,-0.00274811137683173+5.8285602334146e-09i,7.00113632951294,,,5377,5447
planning,0.1,16231.5737716272,16234.1177589779,2.54398735070754,99.777958051059+0.00382444296762321i,99.77792412891+0.00382444303928599i,-3.39221490861519e-05+7.16627794432323e-11i,,,0.091933938842531,5447,5448
dwelling,16.4,16234.1177589779,16594.3870281716,360.269269193688,99.77792412891+0.00382444303928599i,99.7731273425869+0.00382445314349549i,-0.00479678632301273+1.01042095007782e-08i,,16.3999998482934,,5448,5612
planning,0.7,16594.3870281716,16611.0122311166,16.625202944957,99.7731273425869+0.00382445314349549i,99.7729058217362+0.00382445361087337i,-0.000221520850757884+4.67377875984498e-10i,,,0.630224055538105,5612,5619
traveling,6.69999999999999,16611.0122311166,16808.5860504956,197.573819379038,99.7729058217362+0.00382445361087337i,99.7702657110758+0.00382445921398491i,-0.00264011066043679+5.60311153984666e-09i,6.74709661653857,,,5619,5686
planning,0.9,16808.5860504956,16829.998800588,21.4127500924224,99.7702657110758+0.00382445921398491i,99.769980390574+0.00382445981608205i,-0.000285320501774322+6.02097140374458e-10i,,,0.812815650855027,5686,5695
dwelling,16.3,16829.998800588,17152.6575282287,322.658727640679,99.769980390574+0.00382445981608205i,99.7656884788623+0.00382446884231324i,-0.00429191171167531+9.02623118999649e-09i,,16.2999986259936,,5695,5858
planning,0.5,17152.6575282287,17162.3879589537,9.7304307249542,99.7656884788623+0.00382446884231324i,99.7655590683109+0.00382446911441137i,-0.000129410551366504+2.72098137424348e-10i,,,0.450492336647337,5858,5863
traveling,5.6,17162.3879589537,17294.4157809085,132.027821954794,99.7655590683109+0.00382446911441137i,99.7637998675991+0.00382447282745382i,-0.00175920071181679+3.71304244425538e-09i,5.77473032409293,,,5863,5919
planning,0.8,17294.4157809085,17313.4472926903,19.0315117817918,99.7637998675991+0.00382447282745382i,99.7635462784575+0.0038244733627297i,-0.000253589141635757+5.35275884814418e-10i,,,0.770983940011353,5919,5927
dwelling,16,17313.4472926903,17674.7840683059,361.336775615691,99.7635462784575+0.0038244733627297i,99.7587340190147+0.00382448351114081i,-0.00481225944274399+1.01484111066953e-08i,,15.9674745806992,,5927,6087
planning,0.1,17674.7840683059,17677.5139153529,2.72984704699775,99.7587340190147+0.00382448351114081i,99.7586975883904+0.00382448358829557i,-3.64306243767487e-05+7.71547626135516e-11i,,,0.0810642195290494,6087,6088
traveling,7.09999999999999,17677.5139153529,17906.2452131476,228.731297794689,99.7586975883904+0.00382448358829557i,99.7556374888617+0.00382449010247334i,-0.00306009952865338+6.51417776881616e-09i,7.06705145702451,,,6088,6159
planning,0.6,17906.2452131476,17923.1560452476,16.9108320999549,99.7556374888617+0.00382449010247334i,99.7554117199724+0.00382449058106531i,-0.00022576888927972+4.78591966838332e-10i,,,0.572815526042185,6159,6165
dwelling,16.4,17923.1560452476,18283.5296240415,360.373578793882,99.7554117199724+0.00382449058106531i,99.7506133059418+0.00382450069948537i,-0.00479841403058856+1.01184200610241e-08i,,16.3666665455432,,6165,6329
planning,0.2,18283.5296240415,18288.2619200649,4.73229602341962,99.7506133059418+0.00382450069948537i,99.750550252481+0.00382450083264065i,-6.30534608347944e-05+1.33155279337382e-10i,,,0.117089469573958,6329,6331
traveling,6.69999999999999,18288.2619200649,18496.9941910157,208.732270950819,99.750550252481+0.00382450083264065i,99.7477583955947+0.00382450677494933i,-0.00279185688629013+5.94230867984047e-09i,6.77318322539535,,,6331,6398
planning,0.3,18496.9941910157,18504.9198997085,7.92570869281917,99.7477583955947+0.00382450677494933i,99.7476526648759+0.00382450699880482i,-0.00010573071878639+2.23855491435221e-10i,,,0.230878404239435,6398,6401
dwelling,17.1,18504.9198997085,18943.0537533817,438.133853673193,99.7476526648759+0.00382450699880482i,99.7418098203894+0.00382451936260595i,-0.00584284448652284+1.23638011287341e-08i,,17.0666650020386,,6401,6572
planning,0.8,18943.0537533817,18964.9962711253,21.9425177435696,99.7418098203894+0.00382451936260595i,99.7415169712036+0.0038245199833556i,-0.000292849185782984+6.20749654803299e-10i,,,0.706081441736291,6572,6580
traveling,5.7,18964.9962711253,19129.8761432287,164.879872103436,99.7415169712036+0.0038245199833556i,99.7393148689842+0.00382452465819497i,-0.00220210221939965+4.67483936717611e-09i,5.85610416058318,,,6580,6637
planning,0.3,19129.8761432287,19137.8447924335,7.96864920481312,99.7393148689842+0.00382452465819497i,99.739208558229+0.00382452488339076i,-0.0001063107552568+2.2519578823238e-10i,,,0.263263485549617,6637,6640
dwelling,16.7,19137.8447924335,19516.2967076946,378.451915261103,99.739208558229+0.00382452488339076i,99.7341680710895+0.00382453552547611i,-0.00504048713945338+1.06420853531429e-08i,,16.6287934183777,,6640,6807
planning,0.7,19516.2967076946,19533.2173815457,16.9206738510402,99.7341680710895+0.00382453552547611i,99.7339425661385+0.00382453600225576i,-0.000225504951046673+4.76779648313913e-10i,,,0.628272342585065,6807,6814
traveling,7.19999999999999,19533.2173815457,19748.2799357414,215.062554195672,99.7339425661385+0.00382453600225576i,99.7310683736619+0.00382454211402095i,-0.00287419247655407+6.11176518639303e-09i,7.24442460141003,,,6814,6886
planning,0.1,19748.2799357414,19750.699823229,2.41988748768199,99.7310683736619+0.00382454211402095i,99.7310361230391+0.00382454218221784i,-3.22506227945496e-05+6.8196893444894e-11i,,,0.00607404653196786,6886,6887
dwelling,17.4,19750.699823229,20144.3576542526,393.657831023527,99.7310361230391+0.00382454218221784i,99.7257932828277+0.00382455325472166i,-0.00524284021138044+1.1072503823973e-08i,,17.3666664605025,,6887,7061
planning,0.5,20144.3576542526,20156.7903632559,12.4327090033185,99.7257932828277+0.00382455325472166i,99.7256275388026+0.00382455360549356i,-0.000165744025096615+3.50771899807617e-10i,,,0.495417913107209,7061,7066
traveling,6.79999999999999,20156.7903632559,20347.9196425719,191.129279315985,99.7256275388026+0.00382455360549356i,99.7230751132508+0.00382455902671114i,-0.00255242555188318+5.42121758075054e-09i,6.89678308435164,,,7066,7134
planning,0.9,20347.9196425719,20368.1663677417,20.2467251698617,99.7230751132508+0.00382455902671114i,99.7228054781707+0.00382455959622518i,-0.000269635080016428+5.69514033155194e-10i,,,0.805831138132599,7134,7143
dwelling,17.1,20368.1663677417,20736.6175957651,368.451228023416,99.7228054781707+0.00382455959622518i,99.7179005624834+0.00382456994918679i,-0.00490491568734797+1.03529616069312e-08i,,17.0999997479967,,7143,7314
planning,0.5,20736.6175957651,20748.9641742236,12.3465784584696,99.7179005624834+0.00382456994918679i,99.7177359786388+0.00382457029756978i,-0.000164583844551203+3.48382996930019e-10i,,,0.476879373687157,7314,7319
traveling,5.7,20748.9641742236,20909.5928698909,160.628695667292,99.7177359786388+0.00382457029756978i,99.7155913103863+0.00382457485229004i,-0.00214466825252657+4.55472025980702e-09i,5.88981210316093,,,7319,7376
planning,0.4,20909.5928698909,20920.687688608,11.0948187170725,99.7155913103863+0.00382457485229004i,99.7154432144923+0.00382457516665443i,-0.000148095894033418+3.14364390855554e-10i,,,0.33990679000736,7376,7380
dwelling,17.1,20920.687688608,21333.8440318498,413.156343241822,99.7154432144923+0.00382457516665443i,99.7099369439507+0.00382458681932964i,-0.00550627054163044+1.16526752045286e-08i,,17.0496009485582,,7380,7551
planning,0.4,21333.8440318498,21344.8440507002,11.0000188503582,99.7099369439507+0.00382458681932964i,99.7097901283526+0.0038245871309877i,-0.000146815598043304+3.11658061337428e-10i,,,0.363179771180166,7551,7555
traveling,7.29999999999999,21344.8440507002,21583.9065588932,239.06250819303,99.7097901283526+0.0038245871309877i,99.7065909311357+0.00382459395937678i,-0.00319919721694362+6.82838907683017e-09i,7.27524680148115,,,7555,7628
planning,0.3,21583.9065588932,21591.9266046193,8.02004572609803,99.7065909311357+0.00382459395937678i,99.7064839247265+0.00382459418640644i,-0.00010700640919481+2.27029659828626e-10i,,,0.279558831325007,7628,7631
dwelling,17.4,21591.9266046193,21990.6891662423,398.762561623047,99.7064839247265+0.00382459418640644i,99.7011722169986+0.00382460541993011i,-0.00531170772789835+1.12335236746378e-08i,,17.3999998759096,,7631,7805
planning,0.7,21990.6891662423,22010.3253559605,19.6361897181814,99.7011722169986+0.00382460541993011i,99.700910070238+0.00382460597690312i,-0.000262146760562132+5.56973006344413e-10i,,,0.671511634916904,7805,7812
traveling,6.89999999999999,22010.3253559605,22236.23650765,225.911151689474,99.700910070238+0.00382460597690312i,99.6978869777397+0.00382461243135504i,-0.00302309249835275+6.45445192605509e-09i,6.97297982136667,,,7812,7881
planning,0.1,22236.23650765,22239.1506609413,2.91415329134543,99.6978869777397+0.00382461243135504i,99.6978480545389+0.00382461251414546i,-3.89232007620421e-05+8.27904190515982e-11i,,,0.0552673585389177,7881,7882
dwelling,18.2,22239.1506609413,22650.9408342387,411.790173297362,99.6978480545389+0.00382461251414546i,99.6923632729449+0.00382462411607144i,-0.00548478159397803+1.16019259759244e-08i,,18.1666663986456,,7882,8064
planning,0.4,22650.9408342387,22659.5291371828,8.58830294414656,99.6923632729449+0.00382462411607144i,99.6922489478528+0.00382462435765089i,-0.000114325092127388+2.41579452189139e-10i,,,0.391116504445376,8064,8068
traveling,5.8,22659.5291371828,22799.7857615413,140.256624358433,99.6922489478528+0.00382462435765089i,99.6903795545508+0.00382462831802032i,-0.00186939330203018+3.96036942953634e-09i,5.91741866556001,,,8068,8126
planning,0.8,22799.7857615413,22816.6835785482,16.8978170068949,99.6903795545508+0.00382462831802032i,99.6901546499366+0.00382462879315911i,-0.000224904614171351+4.75138791158902e-10i,,,0.720299189967333,8126,8134
dwelling,17.3,22816.6835785482,23166.8330046079,350.149426059717,99.6901546499366+0.00382462879315911i,99.6854959649057+0.0038246386290252i,-0.00465868503088984+9.83586609382137e-09i,,17.2200101443041,,8134,8307
planning,0.3,23166.8330046079,23173.9915851774,7.1585805695504,99.6854959649057+0.0038246386290252i,99.6854005717304+0.00382463883108707i,-9.53931753286952e-05+2.02061867238257e-10i,,,0.217626622893063,8307,8310
traveling,7.39999999999999,23173.9915851774,23394.7780010221,220.786415844657,99.6854005717304+0.00382463883108707i,99.6824497400287+0.00382464511948966i,-0.00295083170165356+6.28840258511121e-09i,7.39279083037218,,,8310,8384
planning,0.6,23394.7780010221,23409.7075766019,14.9295755797866,99.6824497400287+0.00382464511948966i,99.682250703257+0.00382464554152902i,-0.000199036771689975+4.2203936873042e-10i,,,0.523537173118404,8384,8390
dwelling,17.5,23409.7075766019,23769.9421781278,360.234601525943,99.682250703257+0.00382464554152902i,99.677457004848+0.00382465566944587i,-0.0047936984090029+1.01279168476277e-08i,,17.4333330852659,,8390,8565
planning,0.5,23769.9421781278,23781.3130867659,11.3709086381059,99.677457004848+0.00382465566944587i,99.6773055533456+0.00382465599004474i,-0.000151451502432565+3.2059886993438e-10i,,,0.433889439762103,8565,8570
traveling,6.99999999999999,23781.3130867659,23972.2085530017,190.895466235739,99.6773055533456+0.00382465599004474i,99.6747573127558+0.00382466140896456i,-0.00254824058976055+5.41891982154541e-09i,7.03171915573289,,,8570,8640
planning,0.8,23972.2085530017,23991.4346846856,19.2261316838922,99.6747573127558+0.00382466140896456i,99.6745010904926+0.00382466195203282i,-0.000256222263274708+5.43068253127527e-10i,,,0.724882256383909,8640,8648
dwelling,17.8,23991.4346846856,24401.4780964013,410.043411715775,99.6745010904926+0.00382466195203282i,99.6690387445597+0.00382467352155864i,-0.00546234593284112+1.15695258252196e-08i,,17.7999995623143,,8648,8826
planning,0.9,24401.4780964013,24422.6867717738,21.2086753724398,99.6690387445597+0.00382467352155864i,99.668756158038+0.00382467412041048i,-0.000282586521734629+5.98851836175474e-10i,,,0.888316654616343,8826,8835
traveling,5.9,24422.6867717738,24575.73978844,153.053016666247,99.668756158038+0.00382467412041048i,99.6667146572484+0.00382467845641273i,-0.00204150078961618+4.33600225472827e-09i,6.05445004401702,,,8835,8894
planning,0.6,24575.73978844,24590.5385097759,14.7987213358901,99.6667146572484+0.00382467845641273i,99.6665173820035+0.00382467887492509i,-0.00019727524487223+4.18512361485129e-10i,,,0.503161441532323,8894,8900
dwelling,18,24590.5385097759,25009.1860298404,418.647520064475,99.6665173820035+0.00382467887492509i,99.6609399527361+0.00382469069423918i,-0.00557742926739024+1.18193140856079e-08i,,17.980121046495,,8900,9080
planning,0.9,25009.1860298404,25034.3683482406,25.1823184002387,99.6609399527361+0.00382469069423918i,99.6606037674458+0.00382469140973413i,-0.0003361852902799+7.1549494497572e-10i,,,0.843170652783054,9080,9089
traveling,7.59999999999999,25034.3683482406,25289.2330798995,254.864731658909,99.6606037674458+0.00382469140973413i,99.6571920350299+0.00382469871171676i,-0.00341173241588422+7.30198263529727e-09i,7.61763821743389,,,9089,9165
planning,0.1,25289.2330798995,25292.1475906718,2.91451077222882,99.6571920350299+0.00382469871171676i,99.6571531061111+0.00382469879466743i,-3.89289187978648e-05+8.29506663010959e-11i,,,0.0496853671951873,9165,9166
dwelling,18.7,25292.1475906718,25737.0563304338,444.908739762039,99.6571531061111+0.00382469879466743i,99.6512241615294+0.00382471137109621i,-0.0059289445817825+1.25764287820657e-08i,,18.6999997536694,,9166,9353
planning,0.9,25737.0563304338,25760.963370216,23.907039782167,99.6512241615294+0.00382471137109621i,99.650905197633+0.00382471204937525i,-0.000318963896319246+6.78279038403978e-10i,,,0.870649079743115,9353,9362
traveling,7.19999999999999,25760.963370216,26010.9423202429,249.978950026951,99.650905197633+0.00382471204937525i,99.6475567272517+0.00382471922828805i,-0.00334847038138264+7.1789128005921e-09i,7.24407894085469,,,9362,9434
planning,1,26010.9423202429,26040.4047852811,29.4624650381302,99.6475567272517+0.00382471922828805i,99.6471631409472+0.00382472006755376i,-0.000393586304483051+8.39265707711784e-10i,,,0.988290925907741,9434,9444
dwelling,18.5,26040.4047852811,26487.3854649288,446.980679647793,99.6471631409472+0.00382472006755376i,99.6412055417381+0.00382473271464373i,-0.00595759920904015+1.2647089976843e-08i,,18.4999998266318,,9444,9629
planning,0.2,26487.3854649288,26492.3805881016,4.99512317276822,99.6412055417381+0.00382473271464373i,99.6411389440683+0.00382473285612418i,-6.65976698712711e-05+1.41480452353626e-10i,,,0.101011805991535,9629,9631
traveling,5.9,26492.3805881016,26647.4201575067,155.039569405075,99.6411389440683+0.00382473285612418i,99.6390706606308+0.00382473725541376i,-0.00206828343742416+4.39928957499114e-09i,6.07209845397673,,,9631,9690
planning,0.1,26647.4201575067,26649.9811838093,2.5610263026465,99.6390706606308+0.00382473725541376i,99.6390365060935+0.00382473732801948i,-3.41545373601093e-05+7.26057152768134e-11i,,,0.00558112226984153,9690,9691
dwelling,18.9,26649.9811838093,27073.8097746129,423.828590803565,99.6390365060935+0.00382473732801948i,99.6333919534498+0.00382474929548714i,-0.00564455264370167+1.19674676657237e-08i,,18.8412862657331,,9691,9880
planning,0.6,27073.8097746129,27089.7852259096,15.9754512966938,99.6333919534498+0.00382474929548714i,99.6331788040461+0.00382474974912692i,-0.00021314940370587+4.53639782856119e-10i,,,0.523520435518561,9880,9886
traveling,7.59999999999999,27089.7852259096,27337.1237106669,247.338484757271,99.6331788040461+0.00382474974912692i,99.6298694259586+0.00382475683331903i,-0.00330937808745091+7.08419210836489e-09i,7.62753879261035,,,9886,9962
planning,0.2,27337.1237106669,27342.4663183207,5.34260765384533,99.6298694259586+0.00382475683331903i,99.6297981405052+0.00382475698506791i,-7.12854534441476e-05+1.51748876051766e-10i,,,0.12602500389977,9962,9964
dwelling,0,27342.4663183207,,,99.6297981405052+0.00382475698506791i,,,,18.766664886861,,9964,
