phase_type,duration,distance,energy_start,energy_end,energy_consumed,battery_start,battery_end,battery_delta,rho,tau,planning_time,start_time,end_time
traveling,9.89999999999998,24.2074368738204,0,306.361175382142,306.361175382142,100,99.7156118592495,-0.284388140750465,10,,,1,100
planning,0.8,0,306.361175382142,329.562425679914,23.2012502977719,99.7156118592495,99.6940931232385,-0.021518736011032,,,0.758553007728478,100,108
dwelling,5.9,0,329.562425679914,470.437846886525,140.875421206611,99.6940931232385,99.5637188414565,-0.130374281782039,,5.85555554762875,,108,167
planning,0.2,0,470.437846886525,475.232231823822,4.79438493729663,99.5637188414565,99.5592816243212,-0.00443721713521938,,,0.105235627982303,167,169
traveling,13.7,29.1547594742265,475.232231823822,895.815383125704,420.583151301883,99.5592816243212,99.1687693235536,-0.390512300767668,13.8117190853194,,,169,306
planning,0.4,0,895.815383125704,906.566693935055,10.7513108093501,99.1687693235536,99.1588039865125,-0.00996533704106639,,,0.309304167410257,306,310
dwelling,11.9,0,906.566693935055,1175.97568276287,269.408988827819,99.1588039865125,98.9095307878835,-0.249273198628984,,11.8727272728004,,310,429
planning,1,0,1175.97568276287,1203.23304553428,27.2573627714019,98.9095307878835,98.8842579757201,-0.0252728121634647,,,0.950825877089658,429,439
traveling,7.49999999999999,10,1203.23304553428,1397.30079008691,194.067744552637,98.8842579757201,98.7044145945485,-0.179843381171551,7.59617242256797,,,439,514
planning,0.7,0,1397.30079008691,1413.30603461809,16.0052445311742,98.7044145945485,98.6896015045646,-0.0148130899839174,,,0.682257388599979,514,521
dwelling,10.2,0,1413.30603461809,1644.48595637942,231.179921761334,98.6896015045646,98.4756413743724,-0.213960130192163,,10.1176469860378,,521,623
planning,0.6,0,1644.48595637942,1660.72052740383,16.2345710244103,98.4756413743724,98.4605864111167,-0.0150549632557357,,,0.518709116918816,623,629
traveling,7.49999999999999,10,1660.72052740383,1879.83994138075,219.119413976921,98.4605864111167,98.2571741133579,-0.203412297758803,7.65807276796146,,,629,704
planning,0.2,0,1879.83994138075,1885.10973178711,5.26979040635888,98.2571741133579,98.2522881402965,-0.0048859730614339,,,0.124529528964839,704,706
dwelling,9.29999999999998,0,1885.10973178711,2109.39939495268,224.289663165567,98.2522881402965,98.044521477397,-0.207766662899459,,9.21818179074789,,706,799
planning,0.7,0,2109.39939495268,2131.21820289491,21.818807942228,98.044521477397,98.0242457113786,-0.0202757660183579,,,0.687633186763048,799,806
traveling,6.99999999999999,9.21954445729289,2131.21820289491,2360.24220825378,229.024005358872,98.0242457113786,97.8112438174246,-0.213001893954086,6.93849496524831,,,806,876
planning,0.7,0,2360.24220825378,2379.15517676352,18.9129685097409,97.8112438174246,97.7936984516571,-0.0175453657674467,,,0.682556922676938,876,883
dwelling,10.4,0,2379.15517676352,2616.42812603858,237.272949275065,97.7936984516571,97.573968824928,-0.219729626729077,,10.3555554924375,,883,987
planning,0.7,0,2616.42812603858,2634.57380910514,18.1456830665588,97.573968824928,97.5571410024504,-0.0168278224776799,,,0.679884713816853,987,994
traveling,7.19999999999999,9.21954445729289,2634.57380910514,2846.24141866462,211.667609559482,97.5571410024504,97.3605193426397,-0.196621659810617,7.37317688114646,,,994,1066
planning,0.5,0,2846.24141866462,2858.98669557492,12.7452769102979,97.3605193426397,97.3487004444383,-0.0118188982014118,,,0.407776180449028,1066,1071
dwelling,8.89999999999999,0,2858.98669557492,3074.9621695508,215.975473975883,97.3487004444383,97.148513391268,-0.200187053170367,,8.84545454024595,,1071,1160
planning,0.8,0,3074.9621695508,3094.78166579379,19.8194962429825,97.148513391268,97.1301378246738,-0.0183755665941163,,,0.784611074215696,1160,1168
traveling,7.29999999999999,10,3094.78166579379,3292.91218203185,198.13051623806,97.1301378246738,96.9462323028543,-0.183905521819554,7.22339086030645,,,1168,1241
planning,0.7,0,3292.91218203185,3309.80414630847,16.8919642766227,96.9462323028543,96.9305734605761,-0.0156588422782278,,,0.62639782374827,1241,1248
dwelling,9.99999999999998,0,3309.80414630847,3529.64040499699,219.836258688518,96.9305734605761,96.726958790895,-0.203614669681102,,9.99411763873174,,1248,1348
planning,0.4,0,3529.64040499699,3540.40706802901,10.7666630320255,96.726958790895,96.7169644968188,-0.00999429407619346,,,0.330208911432642,1348,1352
traveling,7.49999999999999,10,3540.40706802901,3739.02542294545,198.61835491644,96.7169644968188,96.5326172872808,-0.184347209537947,7.65807276796431,,,1352,1427
planning,0.8,0,3739.02542294545,3758.72708025436,19.701657308904,96.5326172872808,96.5143451558219,-0.0182721314589429,,,0.732886389054941,1427,1435
dwelling,8.59999999999999,0,3758.72708025436,3943.00799331881,184.280913064448,96.5143451558219,96.3436637056256,-0.170681450196298,,8.50909088596105,,1435,1521
planning,0.3,0,3943.00799331881,3950.54043234552,7.53243902671511,96.3436637056256,96.3366755218193,-0.00698818380624289,,,0.28279721298516,1521,1524
traveling,6.99999999999999,9.21954445729289,3950.54043234552,4157.8719141254,207.331481779876,96.3366755218193,96.143918132737,-0.192757389082345,6.93849559574862,,,1524,1594
planning,0.3,0,4157.8719141254,4166.55899800282,8.68708387742026,96.143918132737,96.1358439663596,-0.00807416637741198,,,0.249921565585461,1594,1597
dwelling,6.29999999999999,0,4166.55899800282,4318.44988716118,151.89088915836,96.1358439663596,95.9949529185674,-0.140891047792152,,6.29999993146413,,1597,1660
planning,0.7,0,4318.44988716118,4335.6878392529,17.237952091722,95.9949529185674,95.9789602696368,-0.0159926489306628,,,0.631119962809565,1660,1667
traveling,7.19999999999999,9.21954445729289,4335.6878392529,4554.32459166907,218.636752416169,95.9789602696368,95.7755722852085,-0.203387984428218,7.37317688150933,,,1667,1739
planning,0.4,0,4554.32459166907,4566.13737037695,11.8127787078847,95.7755722852085,95.7645874983436,-0.0109847868649666,,,0.333551557974689,1739,1743
dwelling,7.39999999999999,0,4566.13737037695,4744.47438762088,178.337017243925,95.7645874983436,95.5991360837241,-0.165451414619511,,7.30909090699872,,1743,1817
planning,0.1,0,4744.47438762088,4747.42823742601,2.95384980513154,95.5991360837241,95.5963889676453,-0.00274711607873712,,,0.0503414639533409,1817,1818
traveling,13.3,29.1547594742265,4747.42823742601,5188.84894404119,441.420706615179,95.5963889676453,95.1850936407941,-0.411295326851217,13.4593971683828,,,1818,1951
planning,0.8,0,5188.84894404119,5210.76496016382,21.9160161226328,95.1850936407941,95.1647251151789,-0.0203685256151687,,,0.71687202827665,1951,1959
dwelling,19,0,5210.76496016382,5638.36816202545,427.603201861624,95.1647251151789,94.7680971350719,-0.396627980107013,,18.9333333000412,,1959,2149
planning,0.6,0,5638.36816202545,5651.79026814574,13.4221061202943,94.7680971350719,94.7556470187398,-0.0124501163321185,,,0.597023277213802,2149,2155
traveling,13.7,29.1547594742265,5651.79026814574,6024.21702983695,372.426761691213,94.7556470187398,94.4093575492829,-0.346289469456934,13.8321778771353,,,2155,2292
planning,0.1,0,6024.21702983695,6026.86590107074,2.6488712337914,94.4093575492829,94.4068954386824,-0.00246211060044743,,,0.0337526932755242,2292,2293
dwelling,17,0,6026.86590107074,6428.49368198967,401.627780918925,94.4068954386824,94.0340012401845,-0.372894198497946,,16.990909088804,,2293,2463
planning,0.4,0,6428.49368198967,6438.76516954218,10.2714875525144,94.0340012401845,94.0244548751654,-0.009546365019105,,,0.330821154370391,2463,2467
traveling,7.49999999999999,10,6438.76516954218,6655.90398357993,217.138814037744,94.0244548751654,93.8223322507615,-0.202122624403856,7.59617333168275,,,2467,2542
planning,0.8,0,6655.90398357993,6678.89090384515,22.9869202652226,93.8223322507615,93.8009358572119,-0.0213963935496082,,,0.760781372808779,2542,2550
dwelling,20.1,0,6678.89090384515,7123.18062469321,444.289720848064,93.8009358572119,93.3885207192964,-0.412415137915559,,20.0941175296729,,2550,2751
planning,0.2,0,7123.18062469321,7128.3938581958,5.21323350259081,93.3885207192964,93.383672513161,-0.00484820613532122,,,0.15759278668696,2751,2753
traveling,7.49999999999999,10,7128.3938581958,7354.07374433388,225.679886138072,93.383672513161,93.1733938020216,-0.210278711139466,7.65807276784453,,,2753,2828
planning,0.2,0,7354.07374433388,7359.62408165841,5.5503373245374,93.1733938020216,93.1682274430497,-0.00516635897183448,,,0.155350628589886,2828,2830
dwelling,12.8,0,7359.62408165841,7671.78422036212,312.16013870371,93.1682274430497,92.8780589684744,-0.290168474575367,,12.709090903007,,2830,2958
planning,0.3,0,7671.78422036212,7680.33559234719,8.55137198506873,92.8780589684744,92.8700948194547,-0.0079641490196849,,,0.286017684209571,2958,2961
traveling,6.99999999999999,9.21954445729289,7680.33559234719,7884.68824508519,204.352652737993,92.8700948194547,92.6797006246696,-0.190394194785057,6.93849497940899,,,2961,3031
planning,0.7,0,7884.68824508519,7902.17567631934,17.4874312341517,92.6797006246696,92.6634370280794,-0.0162635965902211,,,0.646040631711618,3031,3038
dwelling,14.4,0,7902.17567631934,8203.1467125072,300.971036187862,92.6634370280794,92.3840022989399,-0.279434729139538,,14.3888887928554,,3038,3182
planning,0.4,0,8203.1467125072,8212.0945275642,8.94781505699939,92.3840022989399,92.3756886096348,-0.00831368930504084,,,0.300560672309686,3182,3186
traveling,7.19999999999999,9.21954445729289,8212.0945275642,8391.72600326533,179.631475701128,92.3756886096348,92.2085784738003,-0.16711013583452,7.37317688119041,,,3186,3258
planning,0.3,0,8391.72600326533,8398.96135383672,7.23535057138906,92.2085784738003,92.201849829905,-0.0067286438953289,,,0.297393053291431,3258,3261
dwelling,10.4,0,8398.96135383672,8646.95345939494,247.992105558224,92.201849829905,91.9712281011808,-0.230621728724216,,10.3909090908853,,3261,3365
planning,0.6,0,8646.95345939494,8664.14813121778,17.1946718228428,91.9712281011808,91.9552024201711,-0.0160256810096371,,,0.598714165991291,3365,3371
traveling,7.29999999999999,10,8664.14813121778,8884.16521179453,220.017080576752,91.9552024201711,91.7499776604432,-0.205224759727955,7.22339086561401,,,3371,3444
planning,0.8,0,8884.16521179453,8904.64145236,20.4762405654637,91.7499776604432,91.7309163667665,-0.0190612936767138,,,0.770872037926118,3444,3452
dwelling,11.3,0,8904.64145236,9161.47336443601,256.831912076012,91.7309163667665,91.4921094716079,-0.238806895158561,,11.2882352233073,,3452,3565
planning,0.9,0,9161.47336443601,9184.54229385913,23.0689294231252,91.4921094716079,91.4706301196242,-0.0214793519836576,,,0.86879032005844,3565,3574
traveling,7.49999999999999,10,9184.54229385913,9403.6110799508,219.06878609167,91.4706301196242,91.2662955585962,-0.204334561028034,7.65807276794382,,,3574,3649
planning,0.2,0,9403.6110799508,9408.3972373699,4.78615741909744,91.2662955585962,91.261841836894,-0.004453721702248,,,0.131199227115584,3649,3651
dwelling,9.79999999999998,0,9408.3972373699,9631.33194159535,222.934704225445,91.261841836894,91.0544829566709,-0.207358880223026,,9.7999999717591,,3651,3749
planning,0.3,0,9631.33194159535,9639.34843063501,8.01648903966452,91.0544829566709,91.0470127961624,-0.0074701605084897,,,0.288391797547031,3749,3752
traveling,13.6,29.1547594742265,9639.34843063501,10002.0053585976,362.656927962606,91.0470127961624,90.7090128713876,-0.337999924774849,13.7702779146285,,,3752,3888
planning,0.2,0,10002.0053585976,10006.1264031645,4.12104456686575,90.7090128713876,90.7051820793389,-0.00383079204870285,,,0.130231204874147,3888,3890
dwelling,19,0,10006.1264031645,10426.4648903918,420.338487227364,90.7051820793389,90.3141152635552,-0.391066815783645,,18.9888887755486,,3890,4080
planning,1,0,10426.4648903918,10451.3179184959,24.8530281040494,90.3141152635552,90.2909616366766,-0.0231536268786101,,,0.977995759667648,4080,4090
traveling,13.7,29.1547594742265,10451.3179184959,10853.3450699794,402.027151483495,90.2909616366766,89.9155554523567,-0.375406184319928,13.8321778771355,,,4090,4227
planning,0.3,0,10853.3450699794,10860.7600829451,7.4150129656864,89.9155554523567,89.908645859867,-0.00690959248967715,,,0.25744449062671,4227,4230
dwelling,16.8,0,10860.7600829451,11287.331235653,426.571152707927,89.908645859867,89.510949682239,-0.397696177628035,,16.7545454195148,,4230,4398
planning,0.8,0,11287.331235653,11311.5823856087,24.2511499557259,89.510949682239,89.488287508733,-0.0226621735060064,,,0.751610935581902,4398,4406
traveling,7.49999999999999,10,11311.5823856087,11540.9232491555,229.340863546769,89.488287508733,89.2739192606941,-0.214368248038852,7.59617244015365,,,4406,4481
planning,0.9,0,11540.9232491555,11564.8473969234,23.9241477679152,89.2739192606941,89.251595757166,-0.0223235035281704,,,0.834959714185826,4481,4490
dwelling,15,0,11564.8473969234,11911.029360612,346.181963688578,89.251595757166,88.9290300634996,-0.322565693666405,,14.9999999984669,,4490,4640
planning,0.2,0,11911.029360612,11916.1507806391,5.12142002715154,88.9290300634996,88.9242520824188,-0.00477798108072136,,,0.195462873568352,4640,4642
traveling,7.49999999999999,10,11916.1507806391,12122.2031450254,206.052364386293,88.9242520824188,88.7318389861299,-0.192413096288959,7.65807237338234,,,4642,4717
planning,0.7,0,12122.2031450254,12140.3799514195,18.1768063940344,88.7318389861299,88.7148755540017,-0.0169634321282075,,,0.607116611694306,4717,4724
dwelling,10.4,0,12140.3799514195,12397.9927133778,257.612761958302,88.7148755540017,88.4745593166596,-0.240316237342071,,10.390909090959,,4724,4828
planning,0.3,0,12397.9927133778,12406.180837691,8.18812431320112,88.4745593166596,88.466911678151,-0.00764763850861527,,,0.207766243104785,4828,4831
traveling,6.99999999999999,9.21954445729289,12406.180837691,12624.8285121855,218.647674494478,88.466911678151,88.2623064607182,-0.2046052174328,6.93849581308097,,,4831,4901
planning,0.6,0,12624.8285121855,12641.3454534336,16.5169412481828,88.2623064607182,88.2468754195255,-0.015431041192727,,,0.59228768449059,4901,4907
dwelling,18.4,0,12641.3454534336,13097.5581463136,456.212692879946,88.2468754195255,87.8210947954055,-0.425780624119923,,18.3888887719749,,4907,5091
planning,0.7,0,13097.5581463136,13115.8888545336,18.3307082200681,87.8210947954055,87.803973233541,-0.0171215618645135,,,0.696874658944417,5091,5098
traveling,7.19999999999999,9.21954445729289,13115.8888545336,13328.6521519055,212.76329737183,87.803973233541,87.6049196701208,-0.199053563420179,7.37317648651867,,,5098,5170
planning,0.5,0,13328.6521519055,13342.7185871784,14.0664352729036,87.6049196701208,87.5917672848896,-0.0131523852312085,,,0.480793281124595,5170,5175
dwelling,11.8,0,13342.7185871784,13640.5895767603,297.870989581967,87.5917672848896,87.3135735194507,-0.278193765438914,,11.7181818185846,,5175,5293
planning,0.6,0,13640.5895767603,13657.6684971366,17.0789203762633,87.3135735194507,87.2975980616441,-0.0159754578066327,,,0.577678549511352,5293,5299
traveling,7.29999999999999,10,13657.6684971366,13877.4517828141,219.783285677449,87.2975980616441,87.0918402631642,-0.20575779847988,7.2233916451892,,,5299,5372
planning,0.6,0,13877.4517828141,13894.1971648423,16.7453820282317,87.0918402631642,87.0761777354559,-0.0156625277083009,,,0.557948536048652,5372,5378
dwelling,12.2,0,13894.1971648423,14160.5823224049,266.385157562654,87.0761777354559,86.8276638726118,-0.248513862844092,,12.1764705036281,,5378,5500
planning,0.2,0,14160.5823224049,14165.6137230785,5.03140067359345,86.8276638726118,86.8229626050419,-0.00470126756989941,,,0.132515789405353,5500,5502
traveling,7.49999999999999,10,14165.6137230785,14358.6462864821,193.032563403534,86.8229626050419,86.6425324708152,-0.180430134226725,7.65807276794354,,,5502,5577
planning,0.5,0,14358.6462864821,14371.5727430425,12.926456560419,86.6425324708152,86.6304484598428,-0.0120840109723588,,,0.480838628353245,5577,5582
dwelling,9.49999999999998,0,14371.5727430425,14584.1866117181,212.613868675615,86.6304484598428,86.4319806489527,-0.198467810890136,,9.49999999893369,,5582,5677
planning,1,0,14584.1866117181,14609.2466913974,25.0600796793078,86.4319806489527,86.4085577327288,-0.023422916223879,,,0.960491604193666,5677,5687
traveling,13.6,29.1547594742265,14609.2466913974,15047.5536490469,438.30695764946,86.4085577327288,85.9973971320764,-0.411160600652408,13.7702779146333,,,5687,5823
planning,0.3,0,15047.5536490469,15056.8693977529,9.31574870603617,85.9973971320764,85.9886632549491,-0.00873387712726981,,,0.231332247604194,5823,5826
dwelling,18.9,0,15056.8693977529,15479.9416018795,423.072204126631,85.9886632549491,85.5934475421298,-0.395215712819294,,18.8888887464478,,5826,6015
planning,1,0,15479.9416018795,15503.0662015196,23.1245996400303,85.5934475421298,85.5718366829169,-0.0216108592129842,,,0.998549630111726,6015,6025
traveling,13.7,29.1547594742265,15503.0662015196,15920.7085524881,417.642350968574,85.5718366829169,85.1800877752085,-0.391748907708362,13.8321778771356,,,6025,6162
planning,0.8,0,15920.7085524881,15943.5174447868,22.8088922986353,85.1800877752085,85.1587125154684,-0.0213752597401253,,,0.758610154586832,6162,6170
dwelling,16.3,0,15943.5174447868,16356.905672516,413.388227729232,85.1587125154684,84.7717571007085,-0.386955414759839,,16.2545454185972,,6170,6333
planning,0.5,0,16356.905672516,16372.2856955882,15.3800230721426,84.7717571007085,84.7573239104753,-0.0144331902332624,,,0.47907254035053,6333,6338
traveling,7.49999999999999,10,16372.2856955882,16602.5498707749,230.26417518672,84.7573239104753,84.5412165010858,-0.216107409389465,7.59617244039935,,,6338,6413
planning,0.3,0,16602.5498707749,16610.6815120403,8.13164126539777,84.5412165010858,84.5335964817516,-0.00762001933422596,,,0.293796136125269,6413,6416
dwelling,15.7,0,16610.6815120403,16986.6166477614,375.935135721171,84.5335964817516,84.1817536091979,-0.351842872553704,,15.6705882326314,,6416,6573
planning,0.7,0,16986.6166477614,17005.693780537,19.0771327755974,84.1817536091979,84.1638696630839,-0.0178839461140115,,,0.632598828743545,6573,6580
traveling,7.49999999999999,10,17005.693780537,17239.0930669675,233.399286430453,84.1638696630839,83.9446458737083,-0.219223789375604,7.65807276853578,,,6580,6655
planning,0.9,0,17239.0930669675,17264.0887931946,24.9957262270618,83.9446458737083,83.9212028388174,-0.0234430348908461,,,0.815715341691725,6655,6664
dwelling,10.5,0,17264.0887931946,17501.1160912895,237.027298094959,83.9212028388174,83.6993910309501,-0.221811807867326,,10.4090908838043,,6664,6769
planning,0.6,0,17501.1160912895,17515.257248102,14.1411568124968,83.6993910309501,83.686150511876,-0.0132405190740741,,,0.538794996092012,6769,6775
traveling,6.99999999999999,9.21954445729289,17515.257248102,17704.9368819193,189.679633817323,83.686150511876,83.5082485448185,-0.177901967057494,6.93849479751587,,,6775,6845
planning,0.5,0,17704.9368819193,17718.2662351624,13.3293532430434,83.5082485448185,83.4957485662079,-0.0124999786106628,,,0.441831502779792,6845,6850
dwelling,18.9,0,17718.2662351624,18175.7904561413,457.52422097887,83.4957485662079,83.0670682648335,-0.428680301374314,,18.8444443918707,,6850,7039
planning,0.7,0,18175.7904561413,18193.0993350487,17.3088789074645,83.0670682648335,83.0508438425131,-0.0162244223204482,,,0.602701076778691,7039,7046
traveling,7.19999999999999,9.21954445729289,18193.0993350487,18377.2734234753,184.174088426542,83.0508438425131,82.8781263321645,-0.172717510348619,7.37317688188355,,,7046,7118
planning,0.3,0,18377.2734234753,18384.7373182063,7.46389473100135,82.8781263321645,82.8711284100244,-0.00699792214005868,,,0.22049522376622,7118,7121
dwelling,12.1,0,18384.7373182063,18657.7614098427,273.024091636453,82.8711284100244,82.6153800685719,-0.255748341452559,,12.0636363343671,,7121,7242
planning,1,0,18657.7614098427,18683.9462506092,26.1848407664693,82.6153800685719,82.5908092101208,-0.0245708584510993,,,0.970510491832046,7242,7252
traveling,7.29999999999999,10,18683.9462506092,18898.0165293968,214.070278787622,82.5908092101208,82.3896166294295,-0.201192580691256,7.22339165005721,,,7252,7325
planning,0.1,0,18898.0165293968,18900.7187715147,2.70224211785171,82.3896166294295,82.3870794856057,-0.0025371438238011,,,0.0449595488901703,7325,7326
dwelling,13,0,18900.7187715147,19209.1042149437,308.385443429015,82.3870794856057,82.0979244480499,-0.28915503755583,,12.941176470476,,7326,7456
planning,0.7,0,19209.1042149437,19226.2452177848,17.141002841181,82.0979244480499,82.0818444962747,-0.0160799517751542,,,0.608711535190737,7456,7463
traveling,7.49999999999999,10,19226.2452177848,19419.9453144334,193.700096648583,82.0818444962747,81.9000037318305,-0.181840764444232,7.65807276796563,,,7463,7538
planning,0.7,0,19419.9453144334,19435.6994139817,15.7540995482559,81.9000037318305,81.8852353401801,-0.0147683916504207,,,0.614112448506074,7538,7545
dwelling,9.59999999999998,0,19435.6994139817,19627.0986190257,191.399205043974,81.8852353401801,81.7059983309369,-0.179237009243153,,9.59090909026139,,7545,7641
planning,0.3,0,19627.0986190257,19634.4100286099,7.3114095842102,81.7059983309369,81.6991373921259,-0.00686093881097349,,,0.212681870997715,7641,7644
traveling,13.6,29.1547594742265,19634.4100286099,20034.2461100748,399.836081464913,81.6991373921259,81.3229684665523,-0.376168925573637,13.7702779150766,,,7644,7780
planning,0.5,0,20034.2461100748,20046.8206506137,12.5745405389207,81.3229684665523,81.3111601704264,-0.0118082961258921,,,0.452712471111576,7780,7785
dwelling,19,0,20046.8206506137,20521.3442383357,474.523587722026,81.3111601704264,80.8654718200967,-0.445688350329704,,18.9333333038227,,7785,7975
planning,0.9,0,20521.3442383357,20545.2041309098,23.8598925740371,80.8654718200967,80.8430420415812,-0.0224297785155443,,,0.814163042723144,7975,7984
traveling,13.6,29.1547594742265,20545.2041309098,20958.4351100445,413.230979134736,80.8430420415812,80.4537944555827,-0.389247585998433,13.8321778771355,,,7984,8120
planning,0.8,0,20958.4351100445,20977.5441502001,19.1090401556285,80.4537944555827,80.43584499218,-0.0179494634027293,,,0.71303944301693,8120,8128
dwelling,16.3,0,20977.5441502001,21320.2427185937,342.69856839356,80.43584499218,80.1142921435156,-0.321552848664368,,16.2909090842298,,8128,8291
planning,0.9,0,21320.2427185937,21344.2081486782,23.9654300845104,80.1142921435156,80.0917454545378,-0.0225466889778545,,,0.847559233466354,8291,8300
traveling,7.49999999999999,10,21344.2081486782,21575.3203187656,231.112170087388,80.0917454545378,79.8738616413427,-0.217883813195115,7.59617244046556,,,8300,8375
planning,0.9,0,21575.3203187656,21602.562064352,27.2417455863797,79.8738616413427,79.8481839150289,-0.0256777263137309,,,0.803229667335281,8375,8384
dwelling,15.1,0,21602.562064352,21933.239638621,330.677574269015,79.8481839150289,79.5375781745715,-0.310605740457447,,15.0882352847192,,8384,8535
planning,0.9,0,21933.239638621,21951.0155330148,17.775894393777,79.5375781745715,79.5208970975943,-0.016681076977207,,,0.858664493293959,8535,8544
traveling,7.49999999999999,10,21951.0155330148,22107.3118073372,156.296274322485,79.5208970975943,79.374135429452,-0.146761668142261,7.65807237338487,,,8544,8619
planning,0.2,0,22107.3118073372,22111.6270904615,4.31528312428782,79.374135429452,79.3700819815015,-0.00405344795052542,,,0.188552624348781,8619,8621
dwelling,11.2,0,22111.6270904615,22329.71219654,218.085106078473,79.3700819815015,79.165400453322,-0.204681528179535,,11.1818181681695,,8621,8733
planning,0.9,0,22329.71219654,22350.2145863458,20.5023898058062,79.165400453322,79.1461274187884,-0.0192730345335121,,,0.898687580708996,8733,8742
traveling,6.99999999999999,9.21954445729289,22350.2145863458,22534.052857467,183.838271121171,79.1461274187884,78.97301438441,-0.173113034378488,6.93849582168627,,,8742,8812
planning,0.4,0,22534.052857467,22544.7563866508,10.7035291838474,78.97301438441,78.9629326007282,-0.0100817836817413,,,0.328073899398159,8812,8816
dwelling,19.2,0,22544.7563866508,22989.6899382469,444.93355159611,78.9629326007282,78.5444303315814,-0.418502269146771,,19.1555555522891,,8816,9008
planning,0.7,0,22989.6899382469,23008.3253117977,18.6353735508019,78.5444303315814,78.5268709203669,-0.0175594112145347,,,0.673111451510104,9008,9015
traveling,7.19999999999999,9.21954445729289,23008.3253117977,23217.5979555428,209.27264374508,78.5268709203669,78.3294280932301,-0.197442827136754,7.37317688163646,,,9015,9087
planning,0.6,0,23217.5979555428,23233.306914261,15.7089587181981,78.3294280932301,78.3146259210939,-0.014802172136271,,,0.504266573672929,9087,9093
dwelling,11.9,0,23233.306914261,23526.6178972836,293.310983022526,78.3146259210939,78.0383905273951,-0.276235393698769,,11.8363636362269,,9093,9212
planning,0.3,0,23526.6178972836,23535.7485678149,9.13067053135092,78.0383905273951,78.0297676605131,-0.00862286688200697,,,0.255972113729501,9212,9215
traveling,7.29999999999999,10,23535.7485678149,23770.2563372467,234.507769431842,78.0297676605131,77.808099935482,-0.221667725031054,7.22339164973337,,,9215,9288
planning,0.2,0,23770.2563372467,23776.825566244,6.56922899724668,77.808099935482,77.8018877481558,-0.0062121873262555,,,0.127532102192338,9288,9290
dwelling,12.9,0,23776.825566244,24113.1829284862,336.357362242194,77.8018877481558,77.4847130552776,-0.317174692878197,,12.8235293618029,,9290,9419
planning,0.6,0,24113.1829284862,24130.6701795591,17.4872510728746,77.4847130552776,77.4681987620741,-0.0165142932034854,,,0.557757173440313,9419,9425
traveling,7.49999999999999,10,24130.6701795591,24359.9223659512,229.252186392179,77.4681987620741,77.2515309553861,-0.216667806688051,7.65807276795316,,,9425,9500
planning,1,0,24359.9223659512,24387.1241922504,27.2018262991733,77.2515309553861,77.2258591351533,-0.025671820232759,,,0.958618593573778,9500,9510
dwelling,9.29999999999998,0,24387.1241922504,24599.1962877793,212.072095528885,77.2258591351533,77.0260908465197,-0.199768288633592,,9.25454544241422,,9510,9603
planning,0.5,0,24599.1962877793,24611.0707530228,11.8744652435234,77.0260908465197,77.0148993764891,-0.0111914700306386,,,0.412177560157628,9603,9608
traveling,13.6,29.1547594742265,24611.0707530228,25005.0582954391,393.987542416264,77.0148993764891,76.6425577962003,-0.372341580288818,13.7702779151735,,,9608,9744
planning,0.9,0,25005.0582954391,25025.9750170658,20.9167216266906,76.6425577962003,76.6228409082762,-0.0197168879240053,,,0.887262767578939,9744,9753
dwelling,18.6,0,25025.9750170658,25416.6519773668,390.676960301,76.6228409082762,76.2548720366866,-0.367968871589611,,18.5888887872006,,9753,9939
planning,1,0,25416.6519773668,25442.9198813384,26.2679039715877,76.2548720366866,76.2300667564532,-0.0248052802334229,,,0.973351607699872,9939,9949
traveling,13.6,29.1547594742265,25442.9198813384,25864.3754331198,421.455551781401,76.2300667564532,75.831105543635,-0.398961212818193,13.8321778771362,,,9949,10085
planning,0.3,0,25864.3754331198,25872.3296828646,7.95424974482012,75.831105543635,75.8235901101038,-0.00751543353119644,,,0.215439882897008,10085,10088
dwelling,16.9,0,25872.3296828646,26269.8007943435,397.471111478964,75.8235901101038,75.4484740260547,-0.375116084049111,,16.8272727267225,,10088,10257
planning,0.4,0,26269.8007943435,26281.1092334794,11.3084391359007,75.4484740260547,75.4377765320624,-0.0106974939922821,,,0.385446579883021,10257,10261
traveling,7.49999999999999,10,26281.1092334794,26502.275472248,221.166238768576,75.4377765320624,75.228413710469,-0.209362821593459,7.59617244039276,,,10261,10336
planning,1,0,26502.275472248,26528.9966986865,26.721226438498,75.228413710469,75.2031479911831,-0.0252657192858265,,,0.92657486750101,10336,10346
dwelling,15,0,26528.9966986865,26832.9325571694,303.935858482851,75.2031479911831,74.9165564984029,-0.286591492780246,,14.9705881356292,,10346,10496
planning,0.8,0,26832.9325571694,26851.3632838977,18.4307267283039,74.9165564984029,74.8991533939735,-0.0174031044294338,,,0.714610954630947,10496,10504
traveling,7.49999999999999,10,26851.3632838977,27054.2801346266,202.916850728929,74.8991533939735,74.7071687186753,-0.19198467529813,7.65807276821029,,,10504,10579
planning,0.6,0,27054.2801346266,27068.8482031301,14.5680685034749,74.7071687186753,74.693402129699,-0.0137665889763525,,,0.586790464497026,10579,10585
dwelling,10.8,0,27068.8482031301,27312.5699309083,243.721727778251,74.693402129699,74.4632349408215,-0.230167188877445,,10.7454545298555,,10585,10693
planning,0.3,0,27312.5699309083,27320.3152065737,7.74527566536926,74.4632349408215,74.4559087554241,-0.00732618539743157,,,0.214026476737372,10693,10696
traveling,6.99999999999999,9.21954445729289,27320.3152065737,27510.6664729806,190.351266406928,74.4559087554241,74.2757236910213,-0.180185064402792,6.93849581916869,,,10696,10766
planning,0.1,0,27510.6664729806,27513.3787899946,2.71231701392753,74.2757236910213,74.2731560905481,-0.00256760047324178,,,0.0736201959739227,10766,10767
dwelling,19.3,0,27513.3787899946,27892.1026360523,378.723846057717,74.2731560905481,73.9157384962233,-0.357417594324787,,19.2888888369684,,10767,10960
planning,0.3,0,27892.1026360523,27898.9267170524,6.82408100010798,73.9157384962233,73.9092889857787,-0.0064495104445399,,,0.205121926336861,10960,10963
traveling,7.19999999999999,9.21954445729289,27898.9267170524,28081.8870772291,182.960360176756,73.9092889857787,73.736135312867,-0.173153672911766,7.37317648651944,,,10963,11035
planning,0.2,0,28081.8870772291,28086.6694035953,4.78232636613757,73.736135312867,73.7316122069197,-0.00452310594724281,,,0.126881124431286,11035,11037
dwelling,12.1,0,28086.6694035953,28337.5445921091,250.875188513804,73.7316122069197,73.4946467118697,-0.236965495050015,,12.0181818144156,,11037,11158
planning,0.6,0,28337.5445921091,28352.4864198984,14.9418277892873,73.4946467118697,73.4805046363754,-0.0141420754942772,,,0.545363530332332,11158,11164
traveling,7.29999999999999,10,28352.4864198984,28568.3079426054,215.821522706992,73.4805046363754,73.2757570191133,-0.204747617262171,7.22339164616431,,,11164,11237
planning,0.9,0,28568.3079426054,28590.7760071248,22.4680645194057,73.2757570191133,73.2544857549156,-0.0212712641977078,,,0.856944386004443,11237,11246
dwelling,12,0,28590.7760071248,28865.1392008928,274.363193768066,73.2544857549156,72.9949465217636,-0.259539233151969,,11.9294117221547,,11246,11366
planning,0.9,0,28865.1392008928,28887.9811736317,22.8419727389155,72.9949465217636,72.9733106783358,-0.0216358434277595,,,0.867441678691968,11366,11375
traveling,7.49999999999999,10,28887.9811736317,29093.4671159712,205.485942339466,72.9733106783358,72.7784654963461,-0.194845181989777,7.65807276874534,,,11375,11450
planning,1,0,29093.4671159712,29119.4941554843,26.0270395131083,72.7784654963461,72.7537995795086,-0.024665916837435,,,0.958100331897858,11450,11460
dwelling,9.29999999999998,0,29119.4941554843,29336.2566779362,216.762522451889,72.7537995795086,72.5486017819235,-0.205197797585086,,9.29090909094698,,11460,11553
planning,0.1,0,29336.2566779362,29339.0033259968,2.7466480605799,72.5486017819235,72.5459964334272,-0.00260534849635974,,,0.0541872684893732,11553,11554
traveling,13.6,29.1547594742265,29339.0033259968,29776.6012606749,437.597934678106,72.5459964334272,72.129832920119,-0.416163513308177,13.7702779147936,,,11554,11690
planning,0.1,0,29776.6012606749,29779.260323758,2.65906308310878,72.129832920119,72.1273105208701,-0.00252239924887476,,,0.0432508088520337,11690,11691
dwelling,19.2,0,29779.260323758,30288.2769288818,509.016605123838,72.1273105208701,71.6443144304282,-0.482996090441915,,19.1777777012905,,11691,11883
planning,0.6,0,30288.2769288818,30305.8801642811,17.6032353992341,71.6443144304282,71.6275856214303,-0.0167288089979536,,,0.522826136510916,11883,11889
traveling,13.7,29.1547594742265,30305.8801642811,30738.3753939271,432.495229645992,71.6275856214303,71.2160255434093,-0.411560078020941,13.8321778771352,,,11889,12026
planning,0.2,0,30738.3753939271,30743.540689199,5.16529527193416,71.2160255434093,71.2111225332235,-0.00490301018578521,,,0.185124915321919,12026,12028
dwelling,16.8,0,30743.540689199,31153.7694164381,410.2287272391,71.2111225332235,70.8218847986614,-0.389237734562101,,16.7454545377627,,12028,12196
planning,0.7,0,31153.7694164381,31173.5059788317,19.736562393573,70.8218847986614,70.803121529844,-0.0187632688174233,,,0.643729330193171,12196,12203
traveling,7.49999999999999,10,31173.5059788317,31403.0847253457,229.578746514027,70.803121529844,70.5845709421204,-0.218550587723584,7.59617243991905,,,12203,12278
planning,0.7,0,31403.0847253457,31421.3775040659,18.2927787201552,70.5845709421204,70.5671922931023,-0.0173786490180845,,,0.699048099956283,12278,12285
dwelling,15.2,0,31421.3775040659,31778.0586851613,356.681181095475,70.5671922931023,70.2286847587149,-0.338507534387432,,15.129411733285,,12285,12437
planning,1,0,31778.0586851613,31801.8107814433,23.7520962819326,70.2286847587149,70.2061354150929,-0.0225493436220319,,,0.96748126798369,12437,12447
traveling,7.49999999999999,10,31801.8107814433,31992.1222130445,190.31143160124,70.2061354150929,70.0252996833403,-0.180835731752609,7.65807237338221,,,12447,12522
planning,1,0,31992.1222130445,32015.6295532221,23.5073401775662,70.0252996833403,70.00298024831,-0.0223194350302265,,,0.981603654892523,12522,12532
dwelling,10.4,0,32015.6295532221,32224.6052859145,208.975732692394,70.00298024831,69.8048494673095,-0.198130781000515,,10.3818181780435,,12532,12636
planning,0.3,0,32224.6052859145,32231.2609650069,6.65567909240781,69.8048494673095,69.7985324892941,-0.00631697801540554,,,0.282882432560567,12636,12639
traveling,6.99999999999999,9.21954445729289,32231.2609650069,32414.7188855213,183.457920514389,69.7985324892941,69.6240589198026,-0.174473569491468,6.93849479751469,,,12639,12709
planning,0.7,0,32414.7188855213,32430.6269506111,15.908065089865,69.6240589198026,69.6089534327554,-0.0151054870472933,,,0.642127905991979,12709,12716
dwelling,18.7,0,32430.6269506111,32799.2415081991,368.614557588015,69.6089534327554,69.2593475508551,-0.349605881900217,,18.6333331989519,,12716,12903
planning,0.5,0,32799.2415081991,32811.049097718,11.8075895188449,69.2593475508551,69.2481265581416,-0.0112209927135183,,,0.442037083736364,12903,12908
traveling,7.19999999999999,9.21954445729289,32811.049097718,33001.7709391455,190.721841427534,69.2481265581416,69.0666153233231,-0.181511234818515,7.37317648652071,,,12908,12980
planning,0.8,0,33001.7709391455,33021.6071171275,19.8361779819752,69.0666153233231,69.0477500978298,-0.0188652254933146,,,0.711511163590193,12980,12988
dwelling,11.5,0,33021.6071171275,33292.0748112998,270.467694172257,69.0477500978298,68.790629993124,-0.257120104705834,,11.4909090872449,,12988,13103
planning,0.2,0,33292.0748112998,33297.6309012345,5.55608993474016,68.790629993124,68.7853369122928,-0.00529308083119417,,,0.177154786046957,13103,13105
traveling,7.29999999999999,10,33297.6309012345,33516.6075942258,218.976692991266,68.7853369122928,68.5764814552439,-0.208855457048855,7.22339164551453,,,13105,13178
planning,0.5,0,33516.6075942258,33530.1975651885,13.5899709627629,68.5764814552439,68.5635352410253,-0.0129462142186441,,,0.47956058161786,13178,13183
dwelling,12.3,0,33530.1975651885,33811.1378227946,280.940257606089,68.5635352410253,68.2963974080416,-0.267137832983678,,12.2941175546811,,13183,13306
planning,1,0,33811.1378227946,33838.6010225029,27.463199708247,68.2963974080416,68.2702231606632,-0.0261742473783642,,,0.928466807341793,13306,13316
traveling,7.49999999999999,10,33838.6010225029,34062.1506977499,223.54967524705,68.2702231606632,68.0568925569186,-0.213330603744623,7.65807276794458,,,13316,13391
planning,0.6,0,34062.1506977499,34078.1696934165,16.0189956665563,68.0568925569186,68.0416266864923,-0.0152658704263047,,,0.561627749152891,13391,13397
dwelling,9.69999999999998,0,34078.1696934165,34300.7018476965,222.532154279987,68.0416266864923,67.8298990407843,-0.211727645707995,,9.69090908598108,,13397,13494
planning,0.7,0,34300.7018476965,34318.8427988324,18.1409511359452,67.8298990407843,67.8126128666739,-0.0172861741104384,,,0.664810753042359,13494,13501
traveling,13.6,29.1547594742265,34318.8427988324,34746.8735391042,428.030740271824,67.8126128666739,67.403543704217,-0.409069162456873,13.7702779149252,,,13501,13637
planning,0.7,0,34746.8735391042,34767.0389980062,20.1654589020036,67.403543704217,67.3842928284601,-0.0192508757568959,,,0.615731313092523,13637,13644
dwelling,18.7,0,34767.0389980062,35178.8215011303,411.782503124115,67.3842928284601,66.992328372036,-0.391964456424049,,18.6555554567406,,13644,13831
planning,0.3,0,35178.8215011303,35185.4509664013,6.62946527098393,66.992328372036,66.9860164741219,-0.00631189791413078,,,0.282487456907406,13831,13834
traveling,13.7,29.1547594742265,35185.4509664013,35589.1314899527,403.680523551397,66.9860164741219,66.6001891137674,-0.385827360354483,13.8321778771349,,,13834,13971
planning,0.3,0,35589.1314899527,35596.6651770805,7.53368712779047,66.6001891137674,66.5930029853224,-0.00718612844505628,,,0.244126731729709,13971,13974
dwelling,16.6,0,35596.6651770805,35993.1335702421,396.468393161638,66.5930029853224,66.2149429741135,-0.378060011208902,,16.5727272262704,,13974,14140
planning,0.4,0,35993.1335702421,36004.3284620912,11.1948918490743,66.2149429741135,66.2042453653932,-0.0106976087202924,,,0.397945633914994,14140,14144
traveling,7.49999999999999,10,36004.3284620912,36230.2990235274,225.970561436159,66.2042453653932,65.9880602044206,-0.2161851609726,7.59617243990305,,,14144,14219
planning,0.9,0,36230.2990235274,36254.0188653981,23.7198418706685,65.9880602044206,65.9654050795221,-0.0226551248984919,,,0.831492341654424,14219,14228
dwelling,15,0,36254.0188653981,36568.7900297705,314.771164372425,65.9654050795221,65.6654391556203,-0.299965923901752,,14.9294117638258,,14228,14378
planning,0.7,0,36568.7900297705,36585.0488385726,16.2588088021585,65.6654391556203,65.6499270605785,-0.0155120950418279,,,0.605494479850038,14378,14385
traveling,7.49999999999999,10,36585.0488385726,36796.2095532844,211.160714711805,65.6499270605785,65.4479647744201,-0.201962286158391,7.65807276865629,,,14385,14460
planning,0.9,0,36796.2095532844,36818.8297013492,22.6201480647796,65.4479647744201,65.4263586990067,-0.0216060754134588,,,0.828940094407386,14460,14469
dwelling,10.4,0,36818.8297013492,37078.7462542047,259.916552855444,65.4263586990067,65.1780599759549,-0.248298723051761,,10.372727272669,,14469,14573
planning,0.1,0,37078.7462542047,37081.7198494172,2.97359521252656,65.1780599759549,65.1752126884637,-0.0028472874912211,,,0.0838322375027885,14573,14574
traveling,6.99999999999999,9.21954445729289,37081.7198494172,37300.5352227992,218.815373382036,65.1752126884637,64.9655068891856,-0.209705799278055,6.93849581663979,,,14574,14644
planning,1,0,37300.5352227992,37328.3029149023,27.7676921030943,64.9655068891856,64.9389362102952,-0.0265706788904083,,,0.997924994929603,14644,14654
dwelling,18.3,0,37328.3029149023,37791.3937440634,463.090829161054,64.9389362102952,64.4961911808135,-0.442745029481728,,18.2222220883622,,14654,14837
planning,0.8,0,37791.3937440634,37814.047394346,22.6536502826639,64.4961911808135,64.4744964939991,-0.0216946868143566,,,0.714013928252524,14837,14845
traveling,7.19999999999999,9.21954445729289,37814.047394346,38021.9598355363,207.912441190259,64.4744964939991,64.2753041398851,-0.199192354114061,7.37317688169629,,,14845,14917
planning,0.1,0,38021.9598355363,38024.607408162,2.6475726257413,64.2753041398851,64.2727702053402,-0.00253393454482875,,,0.0323856126756197,14917,14918
dwelling,12.3,0,38024.607408162,38328.4122096965,303.804801534454,64.2727702053402,63.9821923820352,-0.290577823305021,,12.2636363627958,,14918,15041
planning,0.4,0,38328.4122096965,38338.7652147259,10.353005029363,63.9821923820352,63.9722829954192,-0.00990938661604446,,,0.345569300550216,15041,15045
traveling,7.29999999999999,10,38338.7652147259,38547.8117041868,209.046489460983,63.9722829954192,63.7719022654289,-0.200380729990293,7.22339164616435,,,15045,15118
planning,0.3,0,38547.8117041868,38555.2020128177,7.39030863088556,63.7719022654289,63.7648310138555,-0.00707125157337885,,,0.23049441142698,15118,15121
dwelling,12.6,0,38555.2020128177,38821.2054067849,266.00339396717,63.7648310138555,63.5106866245463,-0.254144389309182,,12.5294117487253,,15121,15247
planning,0.4,0,38821.2054067849,38831.2304330562,10.0250262712652,63.5106866245463,63.5010894506056,-0.00959717394074033,,,0.320970976001503,15247,15251
traveling,7.49999999999999,10,38831.2304330562,39044.5449065906,213.314473534483,63.5010894506056,63.2965205647602,-0.204568885845347,7.65807276794892,,,15251,15326
planning,0.7,0,39044.5449065906,39063.0527329453,18.5078263546384,63.2965205647602,63.2787864655012,-0.0177340992590516,,,0.658943859016735,15326,15333
dwelling,9.49999999999998,0,39063.0527329453,39285.2793363442,222.226603398907,63.2787864655012,63.0661243594866,-0.212662106014605,,9.40909088537998,,15333,15428
planning,0.1,0,39285.2793363442,39287.8891628293,2.60982648514619,63.0661243594866,63.063623373832,-0.00250098565455659,,,0.0456193464435645,15428,15429
traveling,13.6,29.1547594742265,39287.8891628293,39708.1271810687,420.238018239317,63.063623373832,62.6598321431333,-0.403791230698729,13.7702779145953,,,15429,15565
planning,0.3,0,39708.1271810687,39715.2935209209,7.16633985226508,62.6598321431333,62.6529684120209,-0.00686373111238936,,,0.272526983816709,15565,15568
dwelling,18.9,0,39715.2935209209,40149.0699611277,433.776440206748,62.6529684120209,62.2375681136569,-0.415400298364005,,18.8666665883973,,15568,15757
planning,0.4,0,40149.0699611277,40159.7859660419,10.7160049142476,62.2375681136569,62.2272852679206,-0.0102828457362918,,,0.383325006890562,15757,15761
traveling,13.7,29.1547594742265,40159.7859660419,40568.6025321517,408.816566109745,62.2272852679206,61.8343069417146,-0.392978326206013,13.8321778771352,,,15761,15898
planning,0.4,0,40568.6025321517,40578.8948127012,10.2922805495473,61.8343069417146,61.8244307374078,-0.00987620430682057,,,0.307467175324299,15898,15902
dwelling,16.5,0,40578.8948127012,40980.6256717407,401.730859039533,61.8244307374078,61.4390780001009,-0.38535273730691,,16.4363636065487,,15902,16067
planning,0.5,0,40980.6256717407,40994.8750560626,14.2493843218836,61.4390780001009,61.4253800620567,-0.0136979380441886,,,0.464895975502464,16067,16072
traveling,7.49999999999999,10,40994.8750560626,41214.675769578,219.800713515404,61.4253800620567,61.2139685304412,-0.211411531615433,7.59617243948465,,,16072,16147
planning,0.5,0,41214.675769578,41227.5440035043,12.8682339263178,61.2139685304412,61.2016110267933,-0.0123575036478982,,,0.460522144055202,16147,16152
dwelling,15.3,0,41227.5440035043,41587.3057095498,359.761706045443,61.2016110267933,60.8564086742051,-0.345202352588196,,15.2058823472153,,16152,16305
planning,0.2,0,41587.3057095498,41592.3983865314,5.09267698165786,60.8564086742051,60.8515166136277,-0.00489206057743985,,,0.11732512099086,16305,16307
traveling,7.49999999999999,10,41592.3983865314,41809.5881032354,217.189716703921,60.8515166136277,60.6424928343154,-0.209023779312297,7.65807237338174,,,16307,16382
planning,0.3,0,41809.5881032354,41817.0271540504,7.43905081505363,60.6424928343154,60.6353471731345,-0.00714566118087134,,,0.296515801587053,16382,16385
dwelling,10.8,0,41817.0271540504,42050.443090858,233.415936807614,60.6353471731345,60.4114408739038,-0.223906299230777,,10.7545454442962,,16385,16493
planning,0.8,0,42050.443090858,42069.9139415199,19.4708506618263,60.4114408739038,60.3927364283935,-0.0187044455102949,,,0.709284600625725,16493,16501
traveling,6.99999999999999,9.21954445729289,42069.9139415199,42254.155912724,184.241971204137,60.3927364283935,60.215554792401,-0.17718163599249,6.93849581494803,,,16501,16571
planning,0.9,0,42254.155912724,42276.5023562843,22.3464435602946,60.215554792401,60.1940776737941,-0.02147711860691,,,0.869669890876967,16571,16580
dwelling,18.3,0,42276.5023562843,42752.0991658018,475.596809517556,60.1940776737941,59.7365569620844,-0.457520711709705,,18.2111110840232,,16580,16763
planning,0.5,0,42752.0991658018,42767.6791153721,15.5799495702158,59.7365569620844,59.7215288694204,-0.0150280926639823,,,0.484529716310207,16763,16768
traveling,7.19999999999999,9.21954445729289,42767.6791153721,43002.6064587217,234.927343349642,59.7215288694204,59.4947146085731,-0.22681426084732,7.3731764865186,,,16768,16840
planning,0.4,0,43002.6064587217,43014.5245137104,11.9180549886878,59.4947146085731,59.483222694752,-0.0114919138210894,,,0.307410312226839,16840,16844
dwelling,11.9,0,43014.5245137104,43299.8482558436,285.323742133165,59.483222694752,59.208804979661,-0.27441771509092,,11.8181818182746,,16844,16963
planning,0.6,0,43299.8482558436,43316.4096934025,16.5614375589357,59.208804979661,59.1928465242766,-0.015958455384478,,,0.531735912630165,16963,16969
traveling,7.29999999999999,10,43316.4096934025,43527.0472703236,210.637576921115,59.1928465242766,58.9897221111341,-0.20312441314249,7.22339164681411,,,16969,17042
planning,0.2,0,43527.0472703236,43532.0422866964,4.99501637283538,58.9897221111341,58.984913669373,-0.00480844176106388,,,0.10605754104658,17042,17044
dwelling,12.7,0,43532.0422866964,43830.282032457,298.239745760591,58.984913669373,58.697951582925,-0.286962086448028,,12.6647058758325,,17044,17171
planning,0.4,0,43830.282032457,43842.2535742159,11.9715417588304,58.697951582925,58.6863955334078,-0.0115560495171394,,,0.321049099530911,17171,17175
traveling,7.49999999999999,10,43842.2535742159,44065.4147901626,223.161215946719,58.6863955334078,58.4709487342052,-0.215446799202674,7.65807276794283,,,17175,17250
planning,0.2,0,44065.4147901626,44070.1263519016,4.7115617389718,58.4709487342052,58.4664131896255,-0.00453554457968153,,,0.149770887230371,17250,17252
dwelling,9.99999999999998,0,44070.1263519016,44277.577113011,207.450761109467,58.4664131896255,58.2669503804433,-0.199462809182144,,9.90909090636614,,17252,17352
planning,0.6,0,44277.577113011,44290.8603349354,13.2832219243792,58.2669503804433,58.2541685689714,-0.0127818114719958,,,0.597620230327604,17352,17358
traveling,13.6,29.1547594742265,44290.8603349354,44664.3906991393,373.530364203863,58.2541685689714,57.8936922593533,-0.360476309618015,13.7702779146371,,,17358,17494
planning,0.9,0,44664.3906991393,44685.9901460187,21.599446879467,57.8936922593533,57.8728795533917,-0.0208127059616672,,,0.830369577019397,17494,17503
dwelling,18.3,0,44685.9901460187,45065.3146308187,379.324484799981,57.8728795533917,57.5078421140734,-0.365037439318279,,18.2888887513698,,17503,17686
planning,0.8,0,45065.3146308187,45085.3335454864,20.018914667693,57.5078421140734,57.4885331628842,-0.0193089511892239,,,0.741594682553038,17686,17694
traveling,13.7,29.1547594742265,45085.3335454864,45509.0359594675,423.702413981075,57.4885331628842,57.0785564304431,-0.409976732441081,13.8321778771348,,,17694,17831
planning,0.7,0,45509.0359594675,45529.2267461462,20.1907866787442,57.0785564304431,57.0590350255187,-0.0195214049243901,,,0.654076893502266,17831,17838
dwelling,16.3,0,45529.2267461462,45931.3127323504,402.085986204205,57.0590350255187,56.6709463071366,-0.388088718382122,,16.281818181685,,17838,18001
planning,1,0,45931.3127323504,45959.2206950362,27.9079626857638,56.6709463071366,56.6439608135959,-0.0269854935407139,,,0.982395488416519,18001,18011
traveling,7.49999999999999,10,45959.2206950362,46184.219766169,224.99907113285,56.6439608135959,56.4261360091194,-0.217824804476443,7.5961724403869,,,18011,18086
planning,0.2,0,46184.219766169,46189.8325214366,5.61275526758982,56.4261360091194,56.4207066832045,-0.00542932591494605,,,0.117054752184024,18086,18088
dwelling,15.8,0,46189.8325214366,46563.690441003,373.857919566362,56.4207066832045,56.0597319100777,-0.360974773126792,,15.7705882163251,,18088,18246
planning,0.1,0,46563.690441003,46566.3944182167,2.70397721372865,56.0597319100777,56.0571162986996,-0.00261561137809707,,,0.0893142199654811,18246,18247
traveling,7.49999999999999,10,46566.3944182167,46793.2697961912,226.875377974458,56.0571162986996,55.8372705318238,-0.219845766875778,7.6580723733823,,,18247,18322
planning,0.8,0,46793.2697961912,46813.8161673532,20.5463711619886,55.8372705318238,55.8174022148015,-0.0198683170222793,,,0.715748852789426,18322,18330
dwelling,10.3,0,46813.8161673532,47058.4920850445,244.675917691282,55.8174022148015,55.5809750298985,-0.236427184903043,,10.2909090913922,,18330,18433
planning,0.8,0,47058.4920850445,47080.7444257176,22.2523406731489,55.5809750298985,55.5594275047979,-0.0215475251006154,,,0.736444443985307,18433,18441
traveling,6.99999999999999,9.21954445729289,47080.7444257176,47281.9600823833,201.215656665692,55.5594275047979,55.3644625355666,-0.194964969231251,6.93849479750928,,,18441,18511
planning,0.6,0,47281.9600823833,47297.5441187779,15.5840363946045,55.3644625355666,55.3493810586959,-0.0150814768707477,,,0.516582413790521,18511,18517
dwelling,18.7,0,47297.5441187779,47752.243338557,454.699219779119,55.3493810586959,54.909550003375,-0.43983105532088,,18.6999998975692,,18517,18704
planning,0.5,0,47752.243338557,47766.5813679654,14.3380294084127,54.909550003375,54.8956474953468,-0.0139025080281883,,,0.472448856901047,18704,18709
traveling,7.19999999999999,9.21954445729289,47766.5813679654,47983.6242076526,217.042839687201,54.8956474953468,54.684985765748,-0.210661729598776,7.37317648652003,,,18709,18781
planning,0.9,0,47983.6242076526,48003.9875677111,20.3633600584581,54.684985765748,54.6652921445591,-0.0196936211888783,,,0.823813845432923,18781,18790
dwelling,11.4,0,48003.9875677111,48248.3911982629,244.403630551795,54.6652921445591,54.4290147147589,-0.236277429800197,,11.3545454543231,,18790,18904
planning,0.7,0,48248.3911982629,48266.7053794898,18.3141812269168,54.4290147147589,54.4112663861922,-0.0177483285667108,,,0.652250205784125,18904,18911
traveling,7.29999999999999,10,48266.7053794898,48469.735914297,203.030534807236,54.4112663861922,54.2143139897796,-0.196952396412591,7.22339164746324,,,18911,18984
planning,0.9,0,48469.735914297,48491.7732382444,22.0373239473556,54.2143139897796,54.192968342848,-0.0213456469316853,,,0.820813026639508,18984,18993
dwelling,12,0,48491.7732382444,48753.6648354089,261.891597164518,54.192968342848,53.9395703316026,-0.253398011245402,,11.9999999728658,,18993,19113
planning,0.8,0,48753.6648354089,48772.2162757168,18.5514403079287,53.9395703316026,53.9216051456832,-0.0179651859194081,,,0.712928306687694,19113,19121
traveling,7.49999999999999,10,48772.2162757168,48966.8745041442,194.658228427339,53.9216051456832,53.7328098095266,-0.188795336156502,7.65807276797555,,,19121,19196
planning,0.9,0,48966.8745041442,48989.5193278385,22.6448236942815,53.7328098095266,53.7108536290531,-0.021956180473552,,,0.831492563851267,19196,19205
dwelling,9.39999999999998,0,48989.5193278385,49214.5830624591,225.063734620606,53.7108536290531,53.4927227276337,-0.218130901419372,,9.35454544914571,,19205,19299
planning,1,0,49214.5830624591,49240.5927999923,26.0097375332771,53.4927227276337,53.4674848400402,-0.0252378875935051,,,0.954904523081622,19299,19309
traveling,13.5,29.1547594742265,49240.5927999923,49681.2548198513,440.662019858915,53.4674848400402,53.0383183297497,-0.429166510290486,13.7702779149902,,,19309,19444
planning,1,0,49681.2548198513,49708.3493854565,27.0945656052718,53.0383183297497,53.0119966431111,-0.0263216866386742,,,0.914197355056737,19444,19454
dwelling,18.4,0,49708.3493854565,50131.8547556872,423.505370230654,53.0119966431111,52.601242977424,-0.410753665687018,,18.3777776755597,,19454,19638
planning,0.9,0,50131.8547556872,50155.957414072,24.1026583847706,52.601242977424,52.5778166205961,-0.0234263568279545,,,0.805062535032301,19638,19647
traveling,13.7,29.1547594742265,50155.957414072,50600.8092752693,444.851861197312,52.5778166205961,52.1440631421211,-0.433753478474948,13.8321778771357,,,19647,19784
planning,0.1,0,50600.8092752693,50603.6827001061,2.87342483687826,52.1440631421211,52.1412658421769,-0.00279729994426958,,,0.00185281334350018,19784,19785
dwelling,17,0,50603.6827001061,50988.2109544343,384.528254328121,52.1412658421769,51.7679159750913,-0.373349867085608,,16.954545454561,,19785,19955
planning,0.8,0,50988.2109544343,51008.5509793171,20.3400248828766,51.7679159750913,51.7481352422849,-0.0197807328063533,,,0.767033507275213,19955,19963
traveling,7.49999999999999,10,51008.5509793171,51228.5319434026,219.98096408548,51.7481352422849,51.5337364385633,-0.214398803721579,7.59617244076121,,,19963,20038
planning,0.5,0,51228.5319434026,51242.3472209602,13.8152775575654,51.5337364385633,51.5202818875903,-0.0134545509730302,,,0.412428977741304,20038,20043
dwelling,15.6,0,51242.3472209602,51639.4283697897,397.081148829508,51.5202818875903,51.1338589148494,-0.386422972740945,,15.5764704943114,,20043,20199
planning,0.9,0,51639.4283697897,51664.122518698,24.6941489083256,51.1338589148494,51.1097969020683,-0.0240620127810303,,,0.891515919009059,20199,20208
traveling,7.49999999999999,10,51664.122518698,51891.1238469973,227.001328299317,51.1097969020683,50.8882556495225,-0.221541252545826,7.6580723733823,,,20208,20283
planning,0.1,0,51891.1238469973,51893.9889300981,2.86508310078352,50.8882556495225,50.885461268867,-0.002794380655466,,,0.0701180657378065,20283,20284
dwelling,11.4,0,51893.9889300981,52165.1535787978,271.164648699647,50.885461268867,50.6215490960278,-0.263912172839184,,11.3181817712238,,20284,20398
planning,0.7,0,52165.1535787978,52183.4121839414,18.2586051435865,50.6215490960278,50.6037557757195,-0.017793320308364,,,0.640769177907779,20398,20405
traveling,6.99999999999999,9.21954445729289,52183.4121839414,52370.7098388384,187.297654897004,50.6037557757195,50.4211385270809,-0.182617248638536,6.93849582168632,,,20405,20475
planning,0.1,0,52370.7098388384,52373.1481119921,2.43827315376984,50.4211385270809,50.4187636515513,-0.00237487552962534,,,0.0784804580678204,20475,20476
dwelling,19.5,0,52373.1481119921,52796.8840962116,423.735984219478,50.4187636515513,50.0064296698319,-0.412333981719435,,19.4555555040307,,20476,20671
planning,0.2,0,52796.8840962116,52801.8387604669,4.95466425528866,50.0064296698319,50.0015997654264,-0.00482990440548292,,,0.142128494438691,20671,20673
traveling,7.19999999999999,9.21954445729289,52801.8387604669,52997.8728047643,196.034044297427,50.0015997654264,49.8102259690185,-0.191373796407895,7.37317648651746,,,20673,20745
planning,0.3,0,52997.8728047643,53005.658030391,7.78522562665603,49.8102259690185,49.8026300397787,-0.00759592923978403,,,0.202627017625195,20745,20748
dwelling,12,0,53005.658030391,53256.8202418056,251.162211414667,49.8026300397787,49.5581182357282,-0.244511804050568,,11.9545454545786,,20748,20868
planning,0.9,0,53256.8202418056,53279.3210431778,22.5008013721454,49.5581182357282,49.5361654656521,-0.0219527700760764,,,0.825501408690345,20868,20877
traveling,7.29999999999999,10,53279.3210431778,53491.3690407433,212.047997565511,49.5361654656521,49.3288274370296,-0.207338028622459,7.22339164908533,,,20877,20950
planning,0.1,0,53491.3690407433,53494.0262385148,2.65719777147024,49.3288274370296,49.3262320716167,-0.0025953654129367,,,0.0431119618845786,20950,20951
dwelling,12.9,0,53494.0262385148,53809.8453384224,315.819099907654,49.3262320716167,49.0179985322467,-0.308233539369958,,12.8882352930502,,20951,21080
planning,0.6,0,53809.8453384224,53827.0036474933,17.1583090709173,49.0179985322467,49.0012141562404,-0.0167843760063775,,,0.534028497702819,21080,21086
traveling,7.49999999999999,10,53827.0036474933,54065.606767145,238.603119651641,49.0012141562404,48.7673754671475,-0.233838689092892,7.65807276796849,,,21086,21161
planning,0.2,0,54065.606767145,54071.1613108857,5.55454374066903,48.7673754671475,48.7619419994392,-0.00543346770825792,,,0.1101977392091,21161,21163
dwelling,10.1,0,54071.1613108857,54320.6233701747,249.462059289042,48.7619419994392,48.5182329249436,-0.243709074495641,,10.0181818181108,,21163,21264
planning,0.6,0,54320.6233701747,54336.0445688974,15.4211987227027,48.5182329249436,48.5031568748612,-0.0150760500823992,,,0.517551673752422,21264,21270
traveling,13.6,29.1547594742265,54336.0445688974,54738.2079418447,402.163372947274,48.5031568748612,48.1090747801349,-0.394082094726286,13.770277915154,,,21270,21406
planning,0.9,0,54738.2079418447,54761.2851176296,23.0771757849652,48.1090747801349,48.0864992221269,-0.0225755580080147,,,0.88306532027949,21406,21415
dwelling,18.6,0,54761.2851176296,55233.014217551,471.729099921395,48.0864992221269,47.6248873638178,-0.46161185830907,,18.5777777511813,,21415,21601
planning,0.7,0,55233.014217551,55253.2880767833,20.2738592322276,47.6248873638178,47.6050054770484,-0.0198818867693689,,,0.60815490741938,21601,21608
traveling,13.7,29.1547594742265,55253.2880767833,55695.3548998999,442.066823116664,47.6050054770484,47.1704764882425,-0.434528988805873,13.8321778771345,,,21608,21745
planning,0.6,0,55695.3548998999,55710.1566759028,14.801776002867,47.1704764882425,47.1559803659498,-0.0144961222927407,,,0.582077450825794,21745,21751
dwelling,16.5,0,55710.1566759028,56098.3787849683,388.222109065551,47.1559803659498,46.7758474681106,-0.380132897839168,,16.4545454132597,,21751,21916
planning,1,0,56098.3787849683,56128.6225721922,30.2437872238806,46.7758474681106,46.7461255434991,-0.0297219246115787,,,0.939862823641887,21916,21926
traveling,7.49999999999999,10,56128.6225721922,56372.0734860974,243.450913905152,46.7461255434991,46.5065460122457,-0.239579531253327,7.59617244063683,,,21926,22001
planning,1,0,56372.0734860974,56402.2050544301,30.1315683327339,46.5065460122457,46.4769218971611,-0.0296241150846015,,,0.964400971563134,22001,22011
dwelling,15.1,0,56402.2050544301,56736.1827437727,333.977689342551,46.4769218971611,46.1497522014476,-0.327169695713536,,15.0411764363363,,22011,22162
planning,0.6,0,56736.1827437727,56749.842235519,13.6594917463153,46.1497522014476,46.1363633288716,-0.0133888725759732,,,0.53508821946515,22162,22168
traveling,7.49999999999999,10,56749.842235519,56924.074726379,174.232490859991,46.1363633288716,45.9655133302926,-0.170849998579008,7.65807276856179,,,22168,22243
planning,0.5,0,56924.074726379,56934.8684420208,10.7937156417975,45.9655133302926,45.9549361351878,-0.0105771951048652,,,0.473514344722992,22243,22248
dwelling,10.9,0,56934.8684420208,57154.9665167293,220.098074708585,45.9549361351878,45.7393485827423,-0.215587552445413,,10.8090909027449,,22248,22357
planning,0.3,0,57154.9665167293,57162.6893110042,7.72279427481408,45.7393485827423,45.7317620820252,-0.00758650071713163,,,0.232733333926314,22357,22360
traveling,6.99999999999999,9.21954445729289,57162.6893110042,57382.0210067323,219.331695728106,45.7317620820252,45.5156423732096,-0.216119708815611,6.93849479753279,,,22360,22430
planning,0.5,0,57382.0210067323,57395.4828921983,13.4618854659857,45.5156423732096,45.5024048420637,-0.0132375311458546,,,0.44376328845487,22430,22435
dwelling,19,0,57395.4828921983,57838.5518947266,443.069002528377,45.5024048420637,45.0673114462584,-0.435093395805296,,18.9555554893511,,22435,22625
planning,0.3,0,57838.5518947266,57846.5329268183,7.98103209171677,45.0673114462584,45.0594582038883,-0.00785324237013896,,,0.216787523669602,22625,22628
traveling,7.19999999999999,9.21954445729289,57846.5329268183,58049.789988392,203.257061573648,45.0594582038883,44.8592463686995,-0.200211835188803,7.37317648651616,,,22628,22700
planning,0.8,0,58049.789988392,58071.2887811839,21.4987927918555,44.8592463686995,44.838080443113,-0.0211659255864589,,,0.731704054181921,22700,22708
dwelling,11.5,0,58071.2887811839,58349.9164882372,278.627707053398,44.838080443113,44.5640469047238,-0.27403353838929,,11.4545454514699,,22708,22823
planning,0.4,0,58349.9164882372,58361.0132554575,11.0967672202969,44.5640469047238,44.5531112314233,-0.0109356733004375,,,0.394243405646204,22823,22827
traveling,7.29999999999999,10,58361.0132554575,58586.5109536995,225.49769824191,44.5531112314233,44.3304748243971,-0.222636407026201,7.22339164583955,,,22827,22900
planning,0.2,0,58586.5109536995,58592.0562868096,5.54533311013074,44.3304748243971,44.3250076258145,-0.00546719858264311,,,0.154561596240354,22900,22902
dwelling,12.7,0,58592.0562868096,58881.8061423302,289.749855520611,44.3250076258145,44.0399565083035,-0.285051117510996,,12.6117646886679,,22902,23029
planning,0.1,0,58881.8061423302,58884.3062128927,2.50007056254253,44.0399565083035,44.0374936440406,-0.00246286426288123,,,0.0428741705444365,23029,23030
traveling,7.49999999999999,10,58884.3062128927,59082.985091338,198.678878445229,44.0374936440406,43.8415850816052,-0.195908562435406,7.65807276794277,,,23030,23105
planning,0.2,0,59082.985091338,59087.8894484619,4.90435712390172,43.8415850816052,43.8367529929511,-0.00483208865404805,,,0.16833107003647,23105,23107
dwelling,9.79999999999998,0,59087.8894484619,59298.4922120706,210.602763608738,43.8367529929511,43.6295174196069,-0.207235573344228,,9.79999998454622,,23107,23205
planning,0.3,0,59298.4922120706,59306.2930574365,7.80084536586946,43.6295174196069,43.6218226104027,-0.0076948092042457,,,0.251213777027824,23205,23208
traveling,13.6,29.1547594742265,59306.2930574365,59712.3745336238,406.081476187312,43.6218226104027,43.2202605642216,-0.401562046181098,13.7702779146958,,,23208,23344
planning,0.1,0,59712.3745336238,59714.7964421625,2.42190853867942,43.2202605642216,43.2178717873693,-0.00238877685230676,,,0.0683953721003192,23344,23345
dwelling,19.2,0,59714.7964421625,60150.8610278529,436.064585690408,43.2178717873693,42.787893379435,-0.429978407934229,,19.1222221155894,,23345,23537
planning,0.8,0,60150.8610278529,60169.774409182,18.9133813290755,42.787893379435,42.7692274719822,-0.0186659074528421,,,0.7735457185945,23537,23545
traveling,13.7,29.1547594742265,60169.774409182,60567.6004202026,397.826011020632,42.7692274719822,42.3753492751661,-0.393878196816139,13.8321778771361,,,23545,23682
planning,0.7,0,60567.6004202026,60585.7730143156,18.1725941129989,42.3753492751661,42.3573785825835,-0.0179706925825158,,,0.677758841056228,23682,23689
dwelling,16.4,0,60585.7730143156,60947.2194147116,361.446400396046,42.3573785825835,42.0005008634658,-0.356877719117747,,16.3181818076183,,23689,23853
planning,0.3,0,60947.2194147116,60955.3449578395,8.12554312787688,42.0005008634658,41.9924548300746,-0.00804603339123133,,,0.250694023276686,23853,23856
traveling,7.49999999999999,10,60955.3449578395,61173.8458932138,218.500935374315,41.9924548300746,41.7758086887274,-0.216646141347155,7.5961724397961,,,23856,23931
planning,0.2,0,61173.8458932138,61179.0059711009,5.16007788711431,41.7758086887274,41.7707000312511,-0.00510865747632039,,,0.175111486519606,23931,23933
dwelling,15.6,0,61179.0059711009,61536.0874244693,357.081453368344,41.7707000312511,41.4175538389763,-0.353146192274778,,15.5941176292136,,23933,24089
planning,1,0,61536.0874244693,61560.2597709735,24.1723465041869,41.4175538389763,41.393623196134,-0.0239306428423021,,,0.984021501438502,24089,24099
traveling,7.49999999999999,10,61560.2597709735,61760.7601385013,200.500367527813,41.393623196134,41.1948172568422,-0.198805939291795,7.65807276820226,,,24099,24174
planning,0.9,0,61760.7601385013,61783.387920574,22.6277820727337,41.1948172568422,41.172394061945,-0.0224231948971649,,,0.848933927697942,24174,24183
dwelling,10.5,0,61783.387920574,62013.4705531736,230.082632599559,41.172394061945,40.9446986139006,-0.227695448044486,,10.4454545260017,,24183,24288
planning,0.1,0,62013.4705531736,62015.9738775151,2.5033243415528,40.9446986139006,40.9422167762863,-0.00248183761421217,,,0.0868489479177362,24288,24289
traveling,6.99999999999999,9.21954445729289,62015.9738775151,62211.3569004204,195.383022905269,40.9422167762863,40.7481756644852,-0.194041111801162,6.93849581579425,,,24289,24359
planning,0.3,0,62211.3569004204,62219.0558989034,7.69899848305067,40.7481756644852,40.7405369858395,-0.00763867864564816,,,0.257217999003939,24359,24362
dwelling,18.9,0,62219.0558989034,62650.0293656459,430.973466742442,40.7405369858395,40.3133316490741,-0.427205336765432,,18.8666666435059,,24362,24551
planning,0.8,0,62650.0293656459,62671.4965612527,21.4671956067759,40.3133316490741,40.291999060016,-0.0213325890581118,,,0.739299546493197,24551,24559
traveling,7.19999999999999,9.21954445729289,62671.4965612527,62892.3126787246,220.816117471935,40.291999060016,40.0720606479569,-0.219938412059058,7.37317648652125,,,24559,24631
planning,0.4,0,62892.3126787246,62904.0426615503,11.729982825731,40.0720606479569,40.0603831368588,-0.011677511098128,,,0.38244310811539,24631,24635
dwelling,12,0,62904.0426615503,63181.1562122802,277.113550729824,40.0603831368588,39.7852778523702,-0.275105284488582,,11.9272727137856,,24635,24755
planning,0.8,0,63181.1562122802,63202.1763881991,21.0201759189804,39.7852778523702,39.7643700398863,-0.0209078124839479,,,0.782160395922461,24755,24763
traveling,7.29999999999999,10,63202.1763881991,63429.3300396553,227.153651456145,39.7643700398863,39.5378015289625,-0.226568510923784,7.22339164746343,,,24763,24836
planning,0.7,0,63429.3300396553,63448.7248722554,19.3948326001555,39.5378015289625,39.5184856942073,-0.0193158347552185,,,0.677374445531007,24836,24843
dwelling,12.2,0,63448.7248722554,63736.9171803307,288.192308075282,39.5184856942073,39.2319438284436,-0.286541865763709,,12.1999999509144,,24843,24965
planning,0.3,0,63736.9171803307,63744.7293929632,7.81221263248881,39.2319438284436,39.2241645829486,-0.00777924549495879,,,0.218179046262322,24965,24968
traveling,7.49999999999999,10,63744.7293929632,63982.7478067152,238.018413752034,39.2241645829486,38.9863651741424,-0.237799408806175,7.65807276794243,,,24968,25043
planning,0.8,0,63982.7478067152,64005.7235203158,22.9757136005428,38.9863651741424,38.9634414831553,-0.0229236909870991,,,0.79877811325591,25043,25051
dwelling,9.29999999999998,0,64005.7235203158,64235.6324893712,229.908969055417,38.9634414831553,38.7344470456286,-0.228994437526694,,9.27272726914252,,25051,25144
planning,0.1,0,64235.6324893712,64238.1982693939,2.56578002266906,38.7344470456286,38.7318896090879,-0.0025574365407337,,,0.0853729084421873,25144,25145
traveling,13.5,29.1547594742265,64238.1982693939,64682.195699296,443.997429902134,38.7318896090879,38.2873628470982,-0.444526761989735,13.7702779146934,,,25145,25280
planning,0.3,0,64682.195699296,64690.9193474037,8.72364810773433,38.2873628470982,38.2786428442723,-0.00872000282591046,,,0.21206260781587,25280,25283
dwelling,19,0,64690.9193474037,65208.1450239042,517.225676500428,38.2786428442723,37.7617816436392,-0.516861200633045,,18.9111109799608,,25283,25473
planning,0.7,0,65208.1450239042,65228.6574064559,20.5123825517658,37.7617816436392,37.741248461634,-0.0205331820051669,,,0.668729226864858,25473,25480
traveling,13.7,29.1547594742265,65228.6574064559,65682.2824339487,453.62502749281,37.741248461634,37.2859538224778,-0.455294639156278,13.8321778771354,,,25480,25617
planning,0.9,0,65682.2824339487,65705.1064670273,22.8240330785775,37.2859538224778,37.2631255965134,-0.0228282259643251,,,0.857030269822978,25617,25626
dwelling,16.1,0,65705.1064670273,66050.8610647732,345.754597745865,37.2631255965134,36.9178294084193,-0.345296188094153,,16.0454545415823,,25626,25787
planning,1,0,66050.8610647732,66077.6774811733,26.8164164001646,36.9178294084193,36.8909625204989,-0.0268668879203915,,,0.922600199973327,25787,25797
traveling,7.49999999999999,10,66077.6774811733,66302.9926387691,225.31515759576,36.8909625204989,36.6647615886165,-0.22620093188236,7.59617243996821,,,25797,25872
planning,1,0,66302.9926387691,66329.6384353362,26.6457965670706,36.6647615886165,36.6380503020224,-0.0267112865941783,,,0.986575911485823,25872,25882
dwelling,14.9,0,66329.6384353362,66661.4143981534,331.775962817192,36.6380503020224,36.3060505482553,-0.331999753767043,,14.8470587407947,,25882,26031
planning,0.8,0,66661.4143981534,66682.5982753877,21.1838772343035,36.3060505482553,36.2847967420708,-0.0212538061845109,,,0.795197717286974,26031,26039
traveling,7.49999999999999,10,66682.5982753877,66893.3051176523,210.706842264655,36.2847967420708,36.0731352222873,-0.211661519783526,7.65807276852579,,,26039,26114
planning,0.8,0,66893.3051176523,66915.8258786656,22.5207610132638,36.0731352222873,36.0505064604433,-0.0226287618439613,,,0.702593197898159,26114,26122
dwelling,10.6,0,66915.8258786656,67163.9000884566,248.074209790997,36.0505064604433,35.801761177683,-0.248745282760325,,10.5090909032918,,26122,26228
planning,0.3,0,67163.9000884566,67171.2856297346,7.38554127805401,35.801761177683,35.7943485490338,-0.00741262864917047,,,0.269930915853571,26228,26231
traveling,6.99999999999999,9.21954445729289,67171.2856297346,67360.9030411296,189.617411394953,35.7943485490338,35.6037342537009,-0.190614295332928,6.93849581765276,,,26231,26301
planning,0.6,0,67360.9030411296,67375.1538625603,14.2508214307163,35.6037342537009,35.5894297733021,-0.0143044803988275,,,0.51494518982132,26301,26307
dwelling,18.7,0,67375.1538625603,67780.6781028837,405.524240323357,35.5894297733021,35.1825508519326,-0.406878921369454,,18.6888887383724,,26307,26494
planning,0.4,0,67780.6781028837,67790.4271266107,9.74902372698125,35.1825508519326,35.1727507061078,-0.00980014582479782,,,0.396357795842996,26494,26498
traveling,7.19999999999999,9.21954445729289,67790.4271266107,67970.1582445422,179.731117931573,35.1727507061078,34.991964319993,-0.180786386114796,7.3731764865189,,,26498,26570
planning,0.3,0,67970.1582445422,67976.7278388847,6.56959434245073,34.991964319993,34.9853652908668,-0.0065990291262068,,,0.26197028593731,26570,26573
dwelling,12,0,67976.7278388847,68227.2024515641,250.474612679434,34.9853652908668,34.7338062828983,-0.251559007968559,,11.9181818131384,,26573,26693
planning,0.9,0,68227.2024515641,68247.6650237472,20.4625721830525,34.7338062828983,34.7132277859963,-0.020578496901912,,,0.857785224318553,26693,26702
traveling,7.29999999999999,10,68247.6650237472,68445.3601483198,197.695124572681,34.7132277859963,34.5138890905735,-0.199338695422817,7.22339164713873,,,26702,26775
planning,0.2,0,68445.3601483198,68450.1603380837,4.80018976381689,34.5138890905735,34.5090556481299,-0.00483344244365469,,,0.185419836128079,26775,26777
dwelling,12.7,0,68450.1603380837,68736.237446425,286.077108341371,34.5090556481299,34.2210949956056,-0.287960652524269,,12.6823529384396,,26777,26904
planning,0.7,0,68736.237446425,68754.8999263436,18.662479918552,34.2210949956056,34.2022609218594,-0.0188340737462269,,,0.657590710297611,26904,26911
traveling,7.49999999999999,10,68754.8999263436,68962.90939338,208.009467036434,34.2022609218594,33.9921487574938,-0.210112164365569,7.65807276796831,,,26911,26986
planning,0.2,0,68962.90939338,68968.3457004286,5.4363070485997,33.9921487574938,33.986657432135,-0.00549132535878272,,,0.160655224197704,26986,26988
dwelling,10.1,0,68968.3457004286,69208.9263591422,240.580658713545,33.986657432135,33.7439785442097,-0.242678887925337,,10.01818179313,,26988,27089
planning,0.6,0,69208.9263591422,69224.9740413258,16.0476821836783,33.7439785442097,33.7277601209227,-0.0162184232870217,,,0.504753599381244,27089,27095
traveling,13.6,29.1547594742265,69224.9740413258,69627.0062165731,402.032175247296,33.7277601209227,33.320582353099,-0.407177767823612,13.7702779149901,,,27095,27231
planning,0.9,0,69627.0062165731,69649.0325683755,22.0263518023276,33.320582353099,33.2983199883298,-0.0222623647692473,,,0.848066196392998,27231,27240
dwelling,18.5,0,69649.0325683755,70088.996136243,439.963567867526,33.2983199883298,32.853479771898,-0.444840216431835,,18.4888888774346,,27240,27425
planning,0.7,0,70088.996136243,70107.2171335279,18.2209972848796,32.853479771898,32.8350225175541,-0.0184572543438648,,,0.672634266879016,27425,27432
traveling,13.7,29.1547594742265,70107.2171335279,70491.2231060435,384.005972515617,32.8350225175541,32.4453693215018,-0.38965319605235,13.8321778771362,,,27432,27569
planning,1,0,70491.2231060435,70513.6114141114,22.3883080679225,32.4453693215018,32.4227055818268,-0.0226637396749325,,,0.99529105648877,27569,27579
dwelling,16.1,0,70513.6114141114,70835.6728169213,322.061402809864,32.4227055818268,32.0969083087346,-0.325797273092256,,16.0181818182843,,27579,27740
planning,0.7,0,70835.6728169213,70851.2696995022,15.5968825809687,32.0969083087346,32.081103448561,-0.0158048601735601,,,0.61858997961929,27740,27747
traveling,7.49999999999999,10,70851.2696995022,71063.0466101898,211.77691068752,32.081103448561,31.8657063314899,-0.215397117071152,7.59617244039569,,,27747,27822
planning,1,0,71063.0466101898,71090.6905394956,27.6439293058065,31.8657063314899,31.837593005135,-0.0281133263548021,,,0.986709963995686,27822,27832
dwelling,15,0,71090.6905394956,71433.4684780122,342.777938516607,31.837593005135,31.4896661805325,-0.347926824602581,,14.9705882221954,,27832,27982
planning,0.7,0,71433.4684780122,71452.6248443828,19.1563663705892,31.4896661805325,31.4701641719745,-0.0195020085580069,,,0.614064855016432,27982,27989
traveling,7.49999999999999,10,71452.6248443828,71669.7733786208,217.148534238018,31.4701641719745,31.248811799737,-0.221352372237448,7.65807276860039,,,27989,28064
planning,0.8,0,71669.7733786208,71690.9138353694,21.140456748617,31.248811799737,31.2272837426842,-0.0215280570527909,,,0.745519063458531,28064,28072
dwelling,10.6,0,71690.9138353694,71944.3988736828,253.48503831336,31.2272837426842,30.9693649458005,-0.257918796883743,,10.5090909090744,,28072,28178
planning,0.4,0,71944.3988736828,71953.4419159496,9.04304226687236,30.9693649458005,30.9601665483588,-0.00919839744167206,,,0.332319893403684,28178,28182
traveling,6.99999999999999,9.21954445729289,71953.4419159496,72125.104252943,171.66233699341,30.9601665483588,30.7853194970632,-0.174847051295572,6.93849581967324,,,28182,28252
planning,0.2,0,72125.104252943,72129.7025849908,4.59833204773895,30.7853194970632,30.7806384046544,-0.00468109240884118,,,0.151630267415513,28252,28254
dwelling,19.3,0,72129.7025849908,72534.9651306226,405.262545631864,30.7806384046544,30.3682254404011,-0.412412964253281,,19.2222221143591,,28254,28447
planning,0.4,0,72534.9651306226,72544.6596641469,9.69453352426353,30.3682254404011,30.3583359823997,-0.00988945800138197,,,0.353427805749181,28447,28451
traveling,7.19999999999999,9.21954445729289,72544.6596641469,72742.7894477167,198.129783569748,30.3583359823997,30.1557715185053,-0.202564463894472,7.37317648651988,,,28451,28523
planning,0.1,0,72742.7894477167,72745.5231216455,2.73367392880027,30.1557715185053,30.1529762570037,-0.00279526150159626,,,0.0689510890836279,28523,28524
dwelling,12.2,0,72745.5231216455,73055.243611004,309.7204893585,30.1529762570037,29.836431007927,-0.316545249076643,,12.1909090810929,,28524,28646
planning,1,0,73055.243611004,73083.7566127885,28.5130017845513,29.836431007927,29.8072235878552,-0.0292074200718453,,,0.94547281511468,28646,28656
traveling,7.29999999999999,10,73083.7566127885,73310.1028190305,226.346206241971,29.8072235878552,29.5749223078294,-0.23230128002578,7.22339164843668,,,28656,28729
planning,0.5,0,73310.1028190305,73322.9647803255,12.8619612950279,29.5749223078294,29.5617553040561,-0.0131670037732547,,,0.482904458526333,28729,28734
dwelling,12.5,0,73322.9647803255,73627.0096209244,304.044840598872,29.5617553040561,29.2505462207132,-0.31120908334297,,12.4529411513299,,28734,28859
planning,0.9,0,73627.0096209244,73652.4607685796,25.4511476552434,29.2505462207132,29.2244249743607,-0.0261212463524743,,,0.825465960477309,28859,28868
traveling,7.49999999999999,10,73652.4607685796,73863.4641721865,211.003403606854,29.2244249743607,29.0077798347034,-0.216645139657274,7.6580727679641,,,28868,28943
planning,0.5,0,73863.4641721865,73875.8151532033,12.3509810168616,29.0077798347034,28.9951174662701,-0.012662368433368,,,0.438899199083013,28943,28948
dwelling,9.89999999999998,0,73875.8151532033,74114.6692113618,238.854058158424,28.9951174662701,28.7502007790526,-0.244916687217451,,9.82727272709152,,28948,29047
planning,0.6,0,74114.6692113618,74132.0491920642,17.3799807023897,28.7502007790526,28.7323246681955,-0.0178761108570953,,,0.533994921278539,29047,29053
traveling,13.6,29.1547594742265,74132.0491920642,74564.0390027619,431.989810697793,28.7323246681955,28.2868913961997,-0.445433271995789,13.7702779151137,,,29053,29189
planning,0.9,0,74564.0390027619,74587.0867614314,23.047758669476,28.2868913961997,28.2631885588854,-0.0237028373142998,,,0.886757343766127,29189,29198
dwelling,18.6,0,74587.0867614314,74994.2293156631,407.142554231716,28.2631885588854,27.8449547666646,-0.418233792220782,,18.5555554709796,,29198,29384
planning,0.2,0,74994.2293156631,74999.2473624996,5.0180468364415,27.8449547666646,27.8397872286616,-0.00516753800307868,,,0.192711857237758,29384,29386
traveling,13.7,29.1547594742265,74999.2473624996,75438.4620453336,439.214682833976,27.8397872286616,27.3852544581672,-0.454532770494392,13.8321778771355,,,29386,29523
planning,0.6,0,75438.4620453336,75455.0679339583,16.6058886247629,27.3852544581672,27.3680993782961,-0.0171550798710207,,,0.588746428910448,29523,29529
dwelling,16.3,0,75455.0679339583,75856.4718943163,401.403960358017,27.3680993782961,26.9537642385054,-0.414335139790779,,16.2727272652665,,29529,29692
planning,0.9,0,75856.4718943163,75880.007325019,23.5354307026719,26.9537642385054,26.9294297391945,-0.024334499310843,,,0.834059821751491,29692,29701
traveling,7.49999999999999,10,75880.007325019,76102.634192365,222.626867345971,26.9294297391945,26.6986614115935,-0.230768327600973,7.59617244021485,,,29701,29776
planning,0.4,0,76102.634192365,76113.850226495,11.2160341299896,26.6986614115935,26.6870412359807,-0.0116201756128511,,,0.34401635614799,29776,29780
dwelling,15.6,0,76113.850226495,76486.1394622551,372.289235760094,26.6870412359807,26.3019118973311,-0.385129338649577,,15.5176469532171,,29780,29936
planning,1,0,76486.1394622551,76511.0992901035,24.9598278484045,26.3019118973311,26.2760551888121,-0.0258567085190222,,,0.987112253916863,29936,29946
traveling,7.49999999999999,10,76511.0992901035,76724.340734547,213.241444443513,26.2760551888121,26.0546061390909,-0.221449049721155,7.65807237338241,,,29946,30021
planning,0.9,0,76724.340734547,76746.6032489882,22.262514441245,26.0546061390909,26.0315234193683,-0.0230827197226233,,,0.879471480495936,30021,30030
dwelling,10.6,0,76746.6032489882,76980.6824958567,234.079246868452,26.0315234193683,25.7890387492729,-0.242484670095429,,10.5181817875006,,30030,30136
planning,0.9,0,76980.6824958567,77000.3253786399,19.6428827831842,25.7890387492729,25.7686832975867,-0.0203554516862141,,,0.894708648745813,30136,30145
traveling,6.99999999999999,9.21954445729289,77000.3253786399,77182.3615737877,182.036195147812,25.7686832975867,25.5795125496187,-0.189170747967957,6.93849582135138,,,30145,30215
planning,0.2,0,77182.3615737877,77186.7909738151,4.42940002739488,25.5795125496187,25.5749178748616,-0.00459467475709019,,,0.133239210115147,30215,30217
dwelling,19.4,0,77186.7909738151,77578.5334091327,391.742435317588,25.5749178748616,25.1686264774867,-0.406291397374918,,19.3333333073735,,30217,30411
planning,0.1,0,77578.5334091327,77581.0722151257,2.53880599301192,25.1686264774867,25.1659837185359,-0.00264275895077404,,,0.0954960219468937,30411,30412
traveling,7.19999999999999,9.21954445729289,77581.0722151257,77786.3889221638,205.316707038117,25.1659837185359,24.9517762155772,-0.214207502958718,7.37317648651794,,,30412,30484
planning,0.7,0,77786.3889221638,77805.4808347538,19.0919125900109,24.9517762155772,24.9318626904685,-0.019913525108727,,,0.611984484860659,30484,30491
dwelling,11.6,0,77805.4808347538,78064.6895243227,259.208689568914,24.9318626904685,24.6620681982014,-0.269794492267131,,11.5181818157823,,30491,30607
planning,0.2,0,78064.6895243227,78070.1540984334,5.46457411069423,24.6620681982014,24.6563614437972,-0.00570675440419777,,,0.172720006163883,30607,30609
traveling,7.29999999999999,10,78070.1540984334,78290.8993853624,220.745286929028,24.6563614437972,24.4253207238478,-0.231040719949391,7.22339164713874,,,30609,30682
planning,0.6,0,78290.8993853624,78307.1810354628,16.2816501003836,24.4253207238478,24.4083015002406,-0.0170192236071323,,,0.572987576857095,30682,30688
dwelling,12.3,0,78307.1810354628,78604.6706804683,297.489645005451,24.4083015002406,24.097619178703,-0.31068232153762,,12.2823529078906,,30688,30811
planning,0.3,0,78604.6706804683,78613.0996043261,8.42892385780578,24.097619178703,24.0887912306984,-0.00882794800464026,,,0.220143233441028,30811,30814
traveling,7.49999999999999,10,78613.0996043261,78842.5878622288,229.488257902747,24.0887912306984,23.8479533423577,-0.240837888340675,7.65807276874545,,,30814,30889
planning,0.8,0,78842.5878622288,78863.2940854273,20.7062231985328,23.8479533423577,23.8262694725353,-0.021683869822418,,,0.741285767332218,30889,30897
dwelling,9.29999999999998,0,78863.2940854273,79074.6213160339,211.327230606563,23.8262694725353,23.6052367640617,-0.22103270847354,,9.27272726973998,,30897,30990
planning,0.8,0,79074.6213160339,79094.4958413835,19.8745253496163,23.6052367640617,23.5844136733648,-0.0208230906969433,,,0.753733830752676,30990,30998
traveling,13.6,29.1547594742265,79094.4958413835,79530.7048912085,436.209049824945,23.5844136733648,23.1249355020175,-0.459478171347307,13.7702779149336,,,30998,31134
planning,0.6,0,79530.7048912085,79547.6750804873,16.9701892788289,23.1249355020175,23.1070820838966,-0.0178534181208718,,,0.51682123136513,31134,31140
dwelling,18.8,0,79547.6750804873,79989.2933674163,441.618286929035,23.1070820838966,22.6432121295526,-0.463869954344045,,18.7555554597735,,31140,31328
planning,0.7,0,79989.2933674163,80007.9157937495,18.6224263332115,22.6432121295526,22.6235956849831,-0.0196164445694933,,,0.682900939654991,31328,31335
traveling,13.7,29.1547594742265,80007.9157937495,80432.4710163629,424.555222613344,22.6235956849831,22.1747248943786,-0.448870790604449,13.8321778771356,,,31335,31472
planning,0.6,0,80432.4710163629,80449.2212665027,16.7502501397976,22.1747248943786,22.1570284156747,-0.0176964787039431,,,0.534282553535369,31472,31478
dwelling,16.5,0,80449.2212665027,80844.0757181125,394.854451609848,22.1570284156747,21.7403722276923,-0.416656187982362,,16.4181818153158,,31478,31643
planning,0.6,0,80844.0757181125,80862.2651917382,18.1894736256363,21.7403722276923,21.7210883873491,-0.0192838403432134,,,0.56032699884054,31643,31649
traveling,7.49999999999999,10,80862.2651917382,81098.6656846911,236.400492952947,21.7210883873491,21.470114475948,-0.250973911401122,7.59617244033621,,,31649,31724
planning,0.9,0,81098.6656846911,81123.195499902,24.5298152109026,21.470114475948,21.4441200823717,-0.0259943935762692,,,0.829271913863952,31724,31733
dwelling,15.1,0,81123.195499902,81478.9599324059,355.7644325039,21.4441200823717,21.0675300168001,-0.376590065571605,,15.0529411754263,,31733,31884
planning,0.4,0,81478.9599324059,81490.2153539369,11.2554215310083,21.0675300168001,21.0555732577186,-0.0119567590815493,,,0.328608686824984,31884,31888
traveling,7.49999999999999,10,81490.2153539369,81715.0017135847,224.786359647755,21.0555732577186,20.8163654020779,-0.239207855640711,7.65807237338229,,,31888,31963
planning,0.6,0,81715.0017135847,81731.3023379904,16.3006244057033,20.8163654020779,20.7990368762751,-0.0173285258027818,,,0.507384919341366,31963,31969
dwelling,10.6,0,81731.3023379904,81985.2161268472,253.913788856764,20.7990368762751,20.5294136015714,-0.269623274703687,,10.5999999940237,,31969,32075
planning,0.4,0,81985.2161268472,81995.2165426015,10.0004157543444,20.5294136015714,20.5187807582582,-0.0106328433131857,,,0.305527451024662,32075,32079
traveling,6.99999999999999,9.21954445729289,81995.2165426015,82189.6334419534,194.416899351898,20.5187807582582,20.3116022852154,-0.207178473042823,6.93849581680843,,,32079,32149
planning,0.8,0,82189.6334419534,82208.4535738387,18.8201318853244,20.3116022852154,20.2915863028729,-0.0200159823424926,,,0.74134915400093,32149,32157
dwelling,18.5,0,82208.4535738387,82611.1949109153,402.741337076615,20.2915863028729,19.8631912473016,-0.428395055571265,,18.4333332427566,,32157,32342
planning,0.2,0,82611.1949109153,82616.5274488395,5.33253792417236,19.8631912473016,19.8574965589785,-0.00569468832308573,,,0.119406999017868,32342,32344
traveling,7.19999999999999,9.21954445729289,82616.5274488395,82803.5028684615,186.975419621944,19.8574965589785,19.6577922417769,-0.199704317201611,7.37317648651772,,,32344,32416
planning,0.5,0,82803.5028684615,82815.5648757605,12.0620072990278,19.6577922417769,19.6449161075078,-0.0128761342691242,,,0.412465064710431,32416,32421
dwelling,11.7,0,82815.5648757605,83069.5092671948,253.944391434343,19.6449161075078,19.3740101949764,-0.270905912531408,,11.645454543669,,32421,32538
planning,0.6,0,83069.5092671948,83083.4961520841,13.9868848892802,19.3740101949764,19.3590639178331,-0.0149462771432596,,,0.514058538682175,32538,32544
traveling,7.29999999999999,10,83083.4961520841,83292.8466764458,209.350524361667,19.3590639178331,19.1344852176733,-0.224578700159888,7.22339164486412,,,32544,32617
planning,0.1,0,83292.8466764458,83295.3794685019,2.53279205611034,19.1344852176733,19.131772099804,-0.00271311786922723,,,0.0192758963736526,32617,32618
dwelling,12.7,0,83295.3794685019,83611.1613102766,315.781841774675,19.131772099804,18.7932767776896,-0.33849532211438,,12.6588234680136,,32618,32745
planning,0.3,0,83611.1613102766,83618.8947608634,7.73345058683481,18.7932767776896,18.7849750421936,-0.00830173549609015,,,0.27917295275267,32745,32748
traveling,7.49999999999999,10,83618.8947608634,83848.2380487919,229.343287928481,18.7849750421936,18.5378715380196,-0.247103504173925,7.65807276790818,,,32748,32823
planning,1,0,83848.2380487919,83878.890435841,30.6523870491073,18.5378715380196,18.5048220743955,-0.0330494636241312,,,0.915888881786503,32823,32833
dwelling,9.09999999999999,0,83878.890435841,84104.5207491906,225.630313349655,18.5048220743955,18.2622052158214,-0.242616858574099,,9.0363636220517,,32833,32924
planning,0.3,0,84104.5207491906,84111.883557654,7.36280846335285,18.2622052158214,18.2542839358355,-0.00792127998592917,,,0.294628958474707,32924,32927
traveling,13.5,29.1547594742265,84111.883557654,84480.2987761754,368.415218521419,18.2542839358355,17.8567897615376,-0.397494174297833,13.7702779145304,,,32927,33062
planning,0.6,0,84480.2987761754,84494.3673972664,14.0686210909626,17.8567897615376,17.8416289715239,-0.0151607900137627,,,0.586221060315882,33062,33068
dwelling,18.6,0,84494.3673972664,84925.3745055665,431.007108300182,17.8416289715239,17.3765812274145,-0.465047744109398,,18.5222220772609,,33068,33254
planning,0.1,0,84925.3745055665,84928.2597390532,2.88523348660965,17.3765812274145,17.3734533615686,-0.00312786584591151,,,0.0447014971184367,33254,33255
traveling,13.7,29.1547594742265,84928.2597390532,85343.8212330894,415.561494036214,17.3734533615686,16.9218678235795,-0.451585537989036,13.832177877135,,,33255,33392
planning,0.5,0,85343.8212330894,85355.892303013,12.0710699235933,16.9218678235795,16.908783428006,-0.0130843955735003,,,0.44633930075819,33392,33397
dwelling,16.2,0,85355.892303013,85689.9344813474,334.042178334435,16.908783428006,16.5470614777981,-0.361721950207976,,16.1909090455214,,33397,33559
planning,0.1,0,85689.9344813474,85692.4728135221,2.53833217473584,16.5470614777981,16.5443018939492,-0.00275958384885655,,,0.0764076594924079,33559,33560
traveling,7.49999999999999,10,85692.4728135221,85885.909482149,193.436668626862,16.5443018939492,16.3338101710653,-0.210491722883901,7.59617243895333,,,33560,33635
planning,0.2,0,85885.909482149,85890.3263331664,4.41685101736221,16.3338101710653,16.3290116908445,-0.00479848022077078,,,0.163622977220117,33635,33637
dwelling,15.4,0,85890.3263331664,86220.0084962515,329.68216308509,16.3290116908445,15.9705616281703,-0.358450062674187,,15.3470587614775,,33637,33791
planning,0.8,0,86220.0084962515,86241.5860772572,21.5775810057821,15.9705616281703,15.9469955569404,-0.0235660712299861,,,0.775869054410798,33791,33799
traveling,7.49999999999999,10,86241.5860772572,86467.5447202917,225.95864303445,15.9469955569404,15.6995063147779,-0.247489242162425,7.65807237338357,,,33799,33874
planning,0.6,0,86467.5447202917,86485.11528483,17.5705645383423,15.6995063147779,15.680256672253,-0.0192496425249402,,,0.515052733620795,33874,33880
dwelling,10.6,0,86485.11528483,86776.7258565967,291.610571766694,15.680256672253,15.3607678687074,-0.319488803545566,,10.5999999805902,,33880,33986
planning,0.2,0,86776.7258565967,86782.915730573,6.18987397631281,15.3607678687074,15.353965001572,-0.00680286713538081,,,0.186891520702869,33986,33988
traveling,6.99999999999999,9.21954445729289,86782.915730573,87032.6537192818,249.737988708788,15.353965001572,15.0783972313803,-0.275567770191717,6.93849581291077,,,33988,34058
planning,0.7,0,87032.6537192818,87054.0785589744,21.4248396925395,15.0783972313803,15.0548109685328,-0.0235862628474752,,,0.616873371269696,34058,34065
dwelling,18.3,0,87054.0785589744,87495.6200969261,441.541537951722,15.0548109685328,14.5698524658239,-0.484958502708897,,18.2777776717012,,34065,34248
planning,0.7,0,87495.6200969261,87514.1778541626,18.5577572364855,14.5698524658239,14.5494063597541,-0.0204461060698549,,,0.634502168082899,34248,34255
traveling,7.19999999999999,9.21954445729289,87514.1778541626,87736.4662712769,222.288417114352,14.5494063597541,14.3035871523155,-0.245819207438606,7.37317648652127,,,34255,34327
planning,0.7,0,87736.4662712769,87755.9676440929,19.5013728159975,14.3035871523155,14.2820445399861,-0.0215426123293838,,,0.605938137184197,34327,34334
dwelling,11.6,0,87755.9676440929,88065.9553773999,309.987733306974,14.2820445399861,13.9394155986879,-0.342628941298234,,11.5181818120795,,34334,34450
planning,0.6,0,88065.9553773999,88085.1487651917,19.1933877917763,13.9394155986879,13.9181043086055,-0.0213112900823962,,,0.518270826484556,34450,34456
traveling,7.29999999999999,10,88085.1487651917,88330.377933154,245.229167962359,13.9181043086055,13.6452373887077,-0.272866919897734,7.22339164518917,,,34456,34529
planning,0.6,0,88330.377933154,88348.1331656103,17.7552324563003,13.6452373887077,13.6255125650823,-0.019724823625392,,,0.587057438695817,34529,34535
dwelling,12.2,0,88348.1331656103,88669.1731593399,321.039993729544,13.6255125650823,13.2691252011812,-0.356387363901192,,12.1764705041442,,34535,34657
planning,0.5,0,88669.1731593399,88683.4922122708,14.3190529308777,13.2691252011812,13.2531850430668,-0.0159401581143346,,,0.431781891343723,34657,34662
traveling,7.49999999999999,10,88683.4922122708,88930.7017321045,247.209519833763,13.2531850430668,12.9769094974633,-0.276275545603514,7.65807276792939,,,34662,34737
planning,1,0,88930.7017321045,88960.5810147766,29.8792826720601,12.9769094974633,12.9435479292153,-0.0333615682479866,,,0.951894691178345,34737,34747
dwelling,9.19999999999999,0,88960.5810147766,89191.9302556386,231.349240862066,12.9435479292153,12.6857422857147,-0.257805643500594,,9.10909087388027,,34747,34839
planning,0.8,0,89191.9302556386,89214.5499623656,22.6197067269968,12.6857422857147,12.660459048144,-0.0252832375707506,,,0.775476658565451,34839,34847
traveling,13.5,29.1547594742265,89214.5499623656,89650.9122894291,436.3623270635,12.660459048144,12.1704069707664,-0.490052077377618,13.7702779145362,,,34847,34982
planning,0.6,0,89650.9122894291,89667.4488656051,16.5365761759749,12.1704069707664,12.1518601664306,-0.0185468043357808,,,0.571421925525668,34982,34988
dwelling,18.6,0,89667.4488656051,90121.8663865966,454.417520991527,12.1518601664306,11.6421881450077,-0.509672021422835,,18.5222222182695,,34988,35174
planning,0.1,0,90121.8663865966,90124.4701202258,2.60373362914834,11.6421881450077,11.6392589870457,-0.00292915796199544,,,0.0345154392464438,35174,35175
traveling,13.7,29.1547594742265,90124.4701202258,90533.2043085977,408.73418837192,11.6392589870457,11.1773877774916,-0.461871209554195,13.8321778771339,,,35175,35312
planning,0.4,0,90533.2043085977,90543.7905637619,10.5862551641767,11.1773877774916,11.1654302391226,-0.0119575383689465,,,0.315511768952974,35312,35316
dwelling,16.3,0,90543.7905637619,90918.9434365946,375.152872832725,11.1654302391226,10.7418812284753,-0.423549010647344,,16.290909071456,,35316,35479
planning,1,0,90918.9434365946,90945.2031413428,26.2597047481686,10.7418812284753,10.7121152535279,-0.0297659749473773,,,0.990293361713102,35479,35489
traveling,7.49999999999999,10,90945.2031413428,91164.4091768569,219.206035514173,10.7121152535279,10.4628340416544,-0.249281211873532,7.59617243985571,,,35489,35564
planning,0.5,0,91164.4091768569,91178.3435706892,13.9343938322709,10.4628340416544,10.4469858532192,-0.0158481884351396,,,0.41840637432858,35564,35569
dwelling,15.4,0,91178.3435706892,91518.5517423116,340.208171622333,10.4469858532192,10.0608193727176,-0.386166480501576,,15.311764602354,,35569,35723
planning,0.5,0,91518.5517423116,91528.9095675361,10.3578252245497,10.0608193727176,10.0490544576922,-0.0117649150254504,,,0.434533384485313,35723,35728
traveling,0,10,91528.9095675361,,,10.0490544576922,,,7.65807237338211,,,35728,
