optimal,current_idx,goal_idx_1,goal_idx_2,goal_idx_3,J_opt_1,J_opt_2,J_opt_3,opt_values_1,opt_values_2,opt_values_3,J_uncertainty_1,J_uncertainty_2,J_uncertainty_3,E_bar_1,E_bar_2,E_bar_3
dwell,1,2,3,4,164.057479578906,171.002983908743,161.421020246833,6.7333333333419,6.7333333208452,6.73333333098467,111.471951890257,117.154268039971,110.99409858464,26.2927638443244,26.924357934386,25.2134608310966
travel,1,2,3,4,164.649899591371,173.634941242503,159.677978400461,7.39549471092183,7.4427125510287,4.78771605118934,111.467229852195,118.956115455365,108.356363588761,26.5913348695875,27.339412893569,25.6608074058501
dwell,4,1,2,3,170.460562814031,152.429735160107,163.797506976345,5.7655172398364,5.76551724142197,5.76551723610757,118.63904964771,101.183139145753,109.762524679262,25.9107565831604,25.6232980071772,27.0174911485414
travel,4,1,2,3,171.985539997323,151.079469546028,165.694114414849,4.8836902545501,5.72271983792971,7.2949104733182,118.266998724237,99.6942119368614,111.689902086645,26.859270636543,25.6926288045835,27.0021061641021
dwell,2,1,3,4,164.020134069088,152.132873637163,163.22127912408,8.1705882354896,8.17058822787542,8.17058823550778,110.904987231095,100.999396268993,111.909240999126,26.5575734189967,25.5667386840852,25.6560190624766
travel,2,1,3,4,164.691796072703,149.209273005884,162.282145666714,7.39284980071243,5.93341927984025,5.93825917366025,109.884036203753,97.0582715775904,108.65372681101,27.4038799344751,26.0755007141467,26.8142094278522
dwell,3,1,2,4,156.055254402368,159.096531707271,155.439521417597,7.08888888400739,7.08888887572725,7.08888888278872,102.717797922832,107.506398310885,102.598023279983,26.668728239768,25.7950666981928,26.420749068807
travel,3,1,2,4,155.168215233522,157.277700122983,153.955062427621,7.35930970961768,6.09440401499618,7.35727494061457,101.151871800841,103.877885590911,100.291018194872,27.0081717163403,26.6999072660356,26.8320221163745
dwell,4,1,2,3,155.795142231012,159.724774463213,174.864509456143,5.70804595678138,5.70804596831418,5.7080459646496,104.976255423308,108.156143337768,119.965786106071,25.4094434038524,25.7843155627223,27.4493616750359
travel,4,1,2,3,153.826520071263,158.413385432523,177.760267039315,4.74708243713153,5.85932770593745,7.43151785395391,102.764116203671,106.358009745661,121.994634314306,25.5312019337961,26.027687843431,27.8828163625042
dwell,1,2,3,4,146.975108428278,162.790100562918,161.573944129991,6.78888887064915,6.78888886679225,6.78888888476419,94.822985641384,108.886899548657,110.750269248043,26.0760613934471,26.9516005071307,25.411837440974
travel,1,2,3,4,146.540212310683,165.30939726363,161.829653104218,7.37156731947905,7.34673796613931,4.88369025184352,94.2787647497092,110.361289090064,108.903183344848,26.1307237804871,27.4740540867829,26.4632348796849
dwell,2,1,3,4,165.24500209195,154.7560703638,154.862247004725,8.78823529272532,8.78823529400986,8.78823528842808,112.173924686061,103.640848485804,104.167062699476,26.5355387029446,25.5576109389978,25.3475921526248
travel,2,1,3,4,165.24338132371,150.718449681637,150.509074567341,7.43151785009917,5.97208823156615,5.89959109244352,109.776950237138,97.959896776644,98.0371693132786,27.733215543286,26.3792764524964,26.235952627031
dwell,4,1,2,3,156.717086571664,160.664276677116,150.537070796949,5.46896551541726,5.4689655143622,5.46896551241249,105.24416958118,108.379096076105,96.7036202191182,25.736458495242,26.1425903005056,26.9167252889152
travel,4,1,2,3,155.428344580831,160.612439556137,151.152876473091,4.66815047387315,5.93825918535792,7.35258586562807,102.917671989136,107.086625814511,97.9654461688929,26.2553362958477,26.7629068708134,26.5937151520992
dwell,3,1,2,4,160.207375081269,157.38219022679,167.756553004984,7.18888885952575,7.18888888911411,7.18888887544536,107.016481769435,106.267797234763,114.479283132578,26.595446655917,25.5571964960132,26.638634936203
travel,3,1,2,4,159.085415463396,153.875909930671,167.542403964647,7.43355308497274,6.02016031590679,7.43151854552056,105.33557756309,101.625889986947,112.75617543998,26.8749189501528,26.1250099718622,27.3931142623335
dwell,2,1,3,4,155.721866985699,170.477366681701,160.26226437804,6.12352939017716,6.12352941175583,6.12352939231394,102.318481250862,117.35895907105,108.456161740607,26.7016928674181,26.5592038053258,25.9030513187163
travel,2,1,3,4,155.137053653331,171.093157776045,158.147665688104,7.30920248838779,6.09440399707836,5.77727576891893,102.042138134206,116.283500735086,105.494913333131,26.5474577595624,27.4048285204794,26.3263761774866
dwell,1,2,3,4,167.158920362186,167.621208197498,152.549273378433,7.38888887087647,7.38888887314497,7.38888888885886,114.43036683983,114.10002534009,102.709900171382,26.364276761178,26.760591428704,24.9196866035253
travel,1,2,3,4,166.921265111509,168.128728915663,147.762471587356,7.43151860123027,7.40668890159106,4.82373964966312,112.65471880975,113.338704144153,97.0979981452249,27.1332731508793,27.3950123857548,25.3322367210656
dwell,4,1,2,3,158.299361895023,147.285620252077,152.033484984912,7.45632183910012,7.45632183830216,7.45632183368775,107.345613752644,96.4468094400934,98.9347075590495,25.4768740711897,25.4194054059916,26.549388712931
travel,4,1,2,3,157.861218226825,144.443472435476,152.05527472654,4.88369024962111,5.72271992627596,7.29491046982201,104.29053989772,92.3307600948184,98.091375394147,26.7853391645528,26.0563561703289,26.9819496661965
dwell,2,1,3,4,155.596809264891,143.257805782416,155.60110810002,6.1764705882419,6.17647058350355,6.1764705879904,101.381209066194,91.2303913275815,103.281383335919,27.1078000993485,26.0137072274174,26.1598623820506
travel,2,1,3,4,156.135378350883,141.009773213601,154.983580871656,7.39284981676951,5.93341928023809,5.93825918056637,101.217520904605,88.7364043278011,101.034185882792,27.4589287231389,26.1366844429001,26.9746974944322
dwell,3,1,2,4,147.891864147184,150.747368165833,148.363380428559,6.77777777739438,6.7777777585994,6.77777776519552,94.3376269015463,98.9804091222462,95.2478402651666,26.7771186228187,25.8834795217932,26.5577700816963
travel,3,1,2,4,150.128103446199,151.891370726024,150.07887605017,7.35930971731563,6.0944040340416,7.35727497240248,96.0245788796503,98.4499674113203,96.1738199833681,27.0517622832746,26.7207016573519,26.9525280334009
dwell,4,1,2,3,151.151943686304,155.123392547877,169.890150239194,5.17011494252465,5.17011492176279,5.17011494271042,100.037738688726,103.254140405464,114.638152872615,25.5571024987889,25.9346260712064,27.6259986832897
travel,4,1,2,3,152.020880819471,156.396963462698,175.115847363045,4.74708278888057,5.85932771650426,7.43151785383812,100.869949988619,104.272435780084,119.35828425406,25.5754654154261,26.0622638413073,27.8787815544928
dwell,1,2,3,4,145.539646268749,160.788191239535,159.381277560943,6.55555555544142,6.55555555502996,6.55555555396593,93.2487419651485,106.746439661526,108.461724659651,26.1454521518005,27.0208757890046,25.4597764506465
travel,1,2,3,4,143.889047981638,161.906534725398,158.288634215446,7.37156688344328,7.3467379724948,4.88369025247343,91.5274888492904,106.916622562774,105.341912233148,26.1807795661737,27.4949560813118,26.4733609911491
dwell,2,1,3,4,162.978975236943,152.478460621788,152.518695227693,8.50588233398358,8.50588233455736,8.50588233791141,109.751397305678,101.24135707199,101.714400509151,26.6137889656323,25.618551774899,25.4021473592706
travel,2,1,3,4,163.150614438667,148.687147810316,148.385846473419,7.43151785072239,5.97208823596433,5.8995910972827,107.630197193805,95.879246773444,95.8780881428307,27.7602086224311,26.403950518436,26.253879165294
dwell,4,1,2,3,156.033290494878,159.739528682134,149.938234811412,5.43908044943984,5.43908045981999,5.43908043670933,104.534498136374,107.44626461191,95.9805805071883,25.7493961792523,26.1466320351118,26.9788271521119
travel,4,1,2,3,157.960554010048,162.650778320296,153.772802928876,4.66815047369542,5.93826007396116,7.35258586561442,105.46991370081,109.222570649471,100.59016845788,26.245320154619,26.7141038354124,26.5913172354982
dwell,3,1,2,4,161.524424136066,158.36661396111,168.895937680402,7.16666664682289,7.16666666451092,7.1666666645991,108.321741353542,107.259896159445,115.621762216199,26.6013413912617,25.5533589008327,26.6370877321014
travel,3,1,2,4,161.822926356208,156.152113249617,169.996789783039,7.43355308374431,6.02016030540923,7.43151852810586,108.089360125598,103.97148407683,115.274848418015,26.8667831153047,26.0903145863935,27.360970682512
dwell,2,1,3,4,158.149824523475,172.853590093831,162.416174388998,6.29999998621256,6.29999999053818,6.29999998622586,104.854756267585,119.853955031087,110.720671897076,26.6475341279451,26.4998175313718,25.8477512459606
travel,2,1,3,4,159.747969631637,175.647941573804,162.363228600133,7.30920248824207,6.09440395641912,5.77727575292501,106.704313683472,120.930741835621,109.820999208184,26.5218279740822,27.3585998690916,26.2711146959744
dwell,1,2,3,4,171.669445188174,172.130553726533,156.755741230376,7.52222222189638,7.52222222087599,7.52222222237262,119.034381915236,118.714947925347,106.989033864479,26.3175316364691,26.7078029005931,24.8833536829486
travel,1,2,3,4,173.053439103052,174.375020377997,153.609469830875,7.43151856303128,7.40668888599788,4.82373964101609,118.914655437974,119.704889774644,103.056660442378,27.0693918325387,27.3350653016762,25.2764046942483
dwell,4,1,2,3,162.602938279844,151.028698352549,155.829232013786,7.74022988522305,7.7402298851165,7.74022987770355,111.77936777445,100.328594817416,102.910110091737,25.4117852526971,25.3500517675665,26.4595609610245
travel,4,1,2,3,159.656568023406,145.674774642954,153.270022396913,4.88369024988446,5.72271991707327,7.29491046363326,106.077315777839,93.623338478363,99.3800692204033,26.7896261227834,26.0257180822955,26.944976588255
dwell,2,1,3,4,157.807657952276,145.032664028096,157.962432862434,6.37058823524039,6.37058823345573,6.37058823505725,103.717165793963,93.1347442212911,105.739401346106,27.0452460791562,25.9489599034023,26.1115157581641
travel,2,1,3,4,159.475925230786,143.80898042987,158.445759316782,7.39284980958052,5.93341927991351,5.93825917980856,104.606516900616,91.6347718804975,104.526441173615,27.4347041650848,26.0871042746861,26.9596590715835
dwell,3,1,2,4,151.422155953476,154.239889722086,151.916986796296,7.04444444345142,7.04444444186687,7.04444444414456,98.0408937646947,102.624355925716,98.9058249662667,26.6906310943904,25.8077668981851,26.5055809150146
travel,3,1,2,4,149.901244749859,151.802902006113,150.002880748954,7.35930971471329,6.09440402906753,7.35727497132966,95.8269612260395,98.3719318876464,96.1055514145274,27.0371417619099,26.7154850592332,26.9486646672134
dwell,1,2,3,4,156.01676840628,169.195681317655,149.353145073393,5.37777777757787,5.37777777713475,5.37777777681261,102.754516651427,114.001626075974,98.6762667235802,26.6311258774265,27.5970276208403,25.3384391749062
travel,1,2,3,4,158.663997548784,174.80704622873,149.755467585354,7.3592859703827,7.47892081794164,4.75150726406249,105.477518085385,118.976410592345,98.8703414537305,26.5932397316994,27.9153178181926,25.4425630658118
dwell,4,1,2,3,161.780225091298,143.66104988873,160.982387327502,6.97816091970321,6.97816091728028,6.97816091939272,110.622715263649,92.9571149330589,107.242982582769,25.5787549138246,25.3519674778354,26.8697023723664
travel,4,1,2,3,162.644832584768,141.355263399738,163.277154301487,4.88369024841017,5.72271939985166,7.29491057536864,109.116800655314,90.1035588916232,108.380196656474,26.764015964727,25.6258522540572,27.4484788225063
dwell,2,1,3,4,152.848295825651,146.760198734268,152.695209041142,8.54117646883839,8.54117643547075,8.54117646302131,99.9745860320987,95.4683744159664,101.502897894356,26.4368548967761,25.6459121591506,25.596155573393
travel,2,1,3,4,150.791633971447,141.950729383232,149.232145666713,7.39284978256984,5.93341969279914,5.93825917365805,96.118320983248,89.0703652124487,95.6037268186092,27.3366564940996,26.4401820853916,26.8142094240519
dwell,3,1,2,4,147.8351491713,152.503799799338,148.30214307964,5.4555555554377,5.45555555419844,5.45555555137165,93.5000358716009,99.9750111426375,94.5400291086113,27.1675566498497,26.2643943283503,26.8810569855143
travel,3,1,2,4,149.256962169277,153.058132333904,149.142223228716,7.35930970912237,6.09440320805017,7.35727495867535,95.2463739170496,99.4029226546474,95.3366210957129,27.0052941261138,26.8276048396284,26.9028010665016
dwell,4,1,2,3,149.149844757864,154.82297339147,168.519737704652,5.3494252868318,5.34942528732744,5.34942528565358,98.1548849963091,102.979105927983,113.367023251279,25.4974798807774,25.9219337317434,27.5763572266866
travel,4,1,2,3,146.273027545057,152.768164850585,170.259963810587,4.74708278613912,5.85932775290793,7.4315185732932,95.1622639697567,100.427846995169,114.404855804807,25.5553817876503,26.170158927708,27.9275540028899
dwell,1,2,3,4,143.509027476263,157.721236369789,156.198859530179,6.72222220667945,6.72222222068573,6.72222222200402,91.2379826245932,103.760807142254,105.350994576971,26.1355224258351,26.9802146137676,25.4239324766037
travel,1,2,3,4,142.257961294681,159.26527269111,155.459125717239,7.37156688395832,7.3467379756962,4.88369025215999,89.7803684821529,104.254336325159,102.52254142617,26.238796406264,27.5054681829759,26.4682921455346
dwell,2,1,3,4,161.239901429959,150.770916509173,150.730733183975,8.1705882351661,8.17058823515617,8.17058822373688,107.83456662619,99.3889745610077,99.7967565215062,26.7026674018846,25.6909709740828,25.4669883312344
travel,2,1,3,4,160.73454437637,146.41773207865,146.038544862099,7.43151785128446,5.97208824100914,5.89959110327573,105.167451517452,93.5542689583926,93.4873128033019,27.7835464294588,26.4317315601286,26.2756160293983
dwell,4,1,2,3,153.590266869513,157.266588937112,147.675066966742,5.33448275880515,5.33448275879139,5.33448274179782,102.017169185051,104.903778028998,93.7171157010272,25.786548842231,26.1814054540568,26.9789756328575
travel,4,1,2,3,155.701644747236,160.326699147064,151.65412987601,4.6681504741808,5.93825918372577,7.35258586578777,103.157356100422,106.855366899961,98.4135712174787,26.2721443234071,26.7356661235517,26.6202793292655
dwell,3,1,2,4,157.824973489158,154.730037345119,165.02661706317,6.97777777714966,6.97777776301872,6.97777776408976,104.427711088185,103.516490212381,111.630232763489,26.6986312004862,25.6067735663688,26.6981921498405
travel,3,1,2,4,160.132413786109,154.466033665151,168.030489949007,7.43355308829065,6.02016031343757,7.43151853536328,106.338893778043,102.231548926662,113.281092368649,26.8967600040332,26.1172423692447,27.3746987901789
dwell,2,1,3,4,156.59599881466,170.790640464134,160.628011481722,6.15882350570737,6.15882351864811,6.15882352464249,103.194513503731,117.716561081112,108.851150777724,26.7007426554643,26.5370396915114,25.8884303519994
travel,2,1,3,4,159.397053653329,174.678459070178,161.739793046832,7.30920248838662,6.09440394273094,5.77727575595638,106.302138270404,119.994497220988,109.175711129719,26.5474576914629,27.3419809245946,26.2820409585565
dwell,1,2,3,4,173.584636756704,174.118466491746,158.932264103002,7.46666666502464,7.46666666310677,7.46666663462305,120.902348193676,120.698759415817,109.15244425912,26.3411442815139,26.7098535379646,24.8899099219411
travel,1,2,3,4,173.554240847676,174.891271929672,154.432216788438,7.43151855235335,7.40668888111859,4.82373964142966,119.454104941395,120.260494346968,103.874432885945,27.05006795314,27.3153887913517,25.2788919512466
dwell,4,1,2,3,165.067047134863,153.074713407941,157.967386621405,7.78505746307888,7.78505747087919,7.78505746236765,114.265693806829,102.411074523298,105.093205699335,25.4006766640167,25.3318194423218,26.437090461035
travel,4,1,2,3,164.954446408566,150.365703723816,158.232303352657,4.88369024793638,5.72271990128971,7.29491045600032,111.443365890588,98.4263568900791,104.437276693683,26.755540258989,25.9696734168685,26.8975133294868
dwell,2,1,3,4,160.865908592882,147.846513207683,161.000960436548,6.58235293774247,6.58235294078502,6.58235292758516,106.917674584721,96.0794391458743,108.906775896709,26.9741170040803,25.8835370309046,26.0470922699194
travel,2,1,3,4,161.819729949113,145.810399764462,160.74999797461,7.39284980367249,5.93341963362772,5.93825917859084,106.991500689462,93.7053583841866,106.880399841636,27.4141146298254,26.0525206901377,26.9347990664869
dwell,3,1,2,4,153.463781748249,156.483496513469,153.893093008973,7.22222219419882,7.2222222220927,7.22222222213146,100.195724405992,104.95117362949,101.048313068472,26.6340286711283,25.7661614419898,26.4223899702504
travel,3,1,2,4,153.085718100414,155.141067727861,153.068021682923,7.35930970867097,6.09440400592457,7.35727495964206,99.080877528617,101.761905079225,99.2548444902275,27.0024202858987,26.689581324318,26.9065885963479
dwell,4,1,2,3,154.565574931987,158.643491498115,174.057504792678,5.39425287345862,5.39425287308168,5.39425287387258,103.601781716692,106.919934441905,118.02632830241,25.4818966076476,25.8617785281052,28.0155882451337
travel,4,1,2,3,154.556884212197,159.118646383192,178.530267039313,4.74708243711575,5.85932770476523,7.43151785395089,103.498837241835,107.070871118658,122.764634394492,25.5290234851812,26.0238876322671,27.8828163224106
dwell,1,2,3,4,147.636182026748,163.508931164273,162.115708914157,6.80000000009399,6.79999997803105,6.79999998728375,95.4921613929455,109.611782351517,111.310225022928,26.0720103169012,26.948574406378,25.4027419456146
travel,1,2,3,4,145.796140494154,164.567909837477,160.900216225403,7.37156732047336,7.34673796928339,4.88369025153131,93.5223311564232,109.598941028876,107.983836564584,26.1369046688653,27.4844844043007,26.4581898304092
dwell,2,1,3,4,163.19057424551,152.647181770728,152.66786059,8.68235294124445,8.68235293666709,8.68235294001816,110.042543565737,101.47864133743,101.927307388023,26.5740153398861,25.5842702166493,25.3702766009886
travel,2,1,3,4,162.546506972004,147.948162335782,147.66125258915,7.43151785109356,5.97208823644824,5.89959109827276,106.995013895218,95.1347400443976,95.1462828991667,27.7757465383928,26.406711145692,26.2574848449919
dwell,4,1,2,3,156.596790855806,160.139561468461,150.39316827994,5.46896551721418,5.4689655157065,5.46896550163394,105.111840463878,107.871821461156,96.5503421747207,25.7424751959644,26.1338700036526,26.9214130526099
travel,4,1,2,3,154.9043525848,159.624882517706,150.573345189866,4.66815047424277,5.93825918436032,7.35258623192072,102.353306675616,106.131834257872,97.3618513009415,26.2755229545918,26.746524129917,26.6057469444622
dwell,3,1,2,4,158.307315592159,155.195562373145,165.763686337844,7.08888887724942,7.08888888880158,7.08888888915266,104.978058890427,103.888649360997,112.412680778655,26.6646283508657,25.6534565060739,26.6755027795943
travel,3,1,2,4,158.233325766259,152.655909930614,166.55468063681,7.43355308873355,6.0201603158269,7.43151855602767,104.434315687528,100.405889742612,111.731363228058,26.8995050393654,26.1250100940006,27.4116587043762
dwell,2,1,3,4,153.020279383532,167.37641018429,157.480828196519,6.03529411752442,6.03529411634707,6.03529411776499,99.5345079739871,114.193998312159,105.603650985648,26.7428857047726,26.5912059360654,25.9385886054352
travel,2,1,3,4,152.977018771632,168.50864108494,155.930309886448,7.3092024885772,6.09440400915318,5.77727577938166,99.8159086277946,113.673499135546,103.209709283694,26.5805550719185,27.4175709746968,26.3603003013768
dwell,1,2,3,4,165.130297714725,165.710247230982,150.912208830815,7.2333333321461,7.2333333335714,7.23333329964281,112.326864769193,112.093934178305,101.00310161774,26.4017164727663,26.8081565263385,24.9545536065378
travel,1,2,3,4,165.633577884941,167.036380107206,147.019844974218,7.43151859808992,7.40668890429324,4.82373965283707,111.376977964926,112.226100838293,96.3083104017356,27.1282999600071,27.4051396344565,25.355767286241
dwell,4,1,2,3,156.870756849361,145.901135675943,150.754301845384,7.29195402235933,7.29195402307625,7.2919540228804,105.842247068903,94.9928182825164,97.557190937918,25.5142548902291,25.4541586967134,26.5985554537331
travel,4,1,2,3,156.547340924767,143.188328151119,150.89411441482,4.88369025041245,5.72271992994185,7.29491047328632,102.950893436318,91.0523623255899,96.8899021362005,26.7982237442244,26.0679829127643,27.0021061393099
dwell,2,1,3,4,157.031410835322,144.870128284569,156.851645550569,6.24705882223997,6.24705882141294,6.24705882114737,102.871433459125,92.8782934191995,104.597338873144,27.0799886880985,25.9959174326846,26.1271533387124
travel,2,1,3,4,158.435925230764,143.489456688478,156.991903631524,7.39284980955056,5.93341928019144,5.93825917813147,103.566517277575,91.230423384418,103.142052992833,27.4347039765945,26.12951665203,26.9249253193452
dwell,3,1,2,4,152.451986086543,155.318987970998,152.607314015754,6.87777777764267,6.87777777707879,6.87777777277283,98.9864003325021,103.631580230955,99.5968208261531,26.7327928770206,25.8437038700215,26.5052465948002
travel,3,1,2,4,153.632028585191,155.412801781116,153.240674595933,7.35930971113125,6.09440400173871,7.35727495667542,99.5983786794799,102.043929972215,99.4501836194062,27.0168249528555,26.6844359044505,26.8952454882635
dwell,4,1,2,3,153.768646689181,157.661072637775,172.839705654505,5.39425287094139,5.39425287374892,5.39425287357406,102.789545309738,105.931178889082,117.731973991728,25.4895506897219,25.8649468743464,27.5538658313882
travel,4,1,2,3,152.893592144186,157.317725238797,176.559155124462,4.74708278549422,5.85932770939343,7.43151785419568,101.791680699326,105.23944820004,120.777352158388,25.55095572243,26.0391385193786,27.890901483037
dwell,1,2,3,4,148.909431937203,164.784264900757,163.344781239362,6.76666666683396,6.76666666621994,6.76666666683962,96.7579668472217,110.883104163789,112.540672399487,26.0757325449907,26.950580368484,25.4020544199378
travel,1,2,3,4,149.392723849913,168.239967126128,164.407780539752,7.37156731648769,7.34673795907788,4.88369106119248,97.1681065641701,113.340220982658,111.591022003065,26.1123086428712,27.4498730717352,26.4083792683436
dwell,2,1,3,4,165.726492827488,155.071686291749,154.984399136129,8.78823528719423,8.78823529275647,8.78823529341976,112.643907958032,103.958328803931,104.301036176009,26.5412924347282,25.556678743909,25.3416814800598
travel,2,1,3,4,164.896679069297,150.149377953424,149.733216411567,7.43151785063243,5.97208823204082,5.89959108964152,109.384004641178,97.3853725266868,97.2826613599263,27.7563372140594,26.3820027133685,26.2252775258206
dwell,4,1,2,3,156.124169930914,159.94512141646,149.769072233946,5.51379310338885,5.51379308662218,5.51379310334065,104.660703961392,107.675860776294,95.9609833824109,25.7317329847611,26.1346303200831,26.9040444257677
travel,4,1,2,3,156.740972901474,161.674882517705,152.262622312037,4.66815047393372,5.93825918435821,7.3525858655699,104.223600355616,108.181834105559,99.0943420146093,26.2586862729294,26.7465242060733,26.5841401487139
dwell,3,1,2,4,159.873705258264,156.788171537355,167.368399277661,7.18888888899891,7.18888887529044,7.18888888897424,106.074531982271,105.670839894883,113.010951614182,26.8995866379967,25.5586658212357,27.1787238317395
travel,3,1,2,4,160.396261484107,154.951126536941,168.580489949022,7.4335530853705,6.02016031237155,7.4315185353907,106.640986283758,102.724384825853,113.831092268733,26.8776376001743,26.113370855544,27.3746988401448
dwell,2,1,3,4,154.974267448516,169.547858948097,159.341096925993,6.08823529131455,6.08823529278522,6.08823529345319,101.537159663102,116.404697926452,107.514142136101,26.7185538927068,26.5715805108224,25.913477394946
travel,2,1,3,4,154.696882317407,170.458298444787,157.523440376512,7.30920284986151,6.09440400107886,5.77727577005509,101.573729789552,115.640159095893,104.863207444562,26.5615762639277,27.4090696744468,26.3301164659746
dwell,1,2,3,4,168.603567179439,169.250881797011,154.123531215394,7.37777776563127,7.37777776354076,7.3777777777694,115.893455750299,115.734394419063,104.28755317818,26.3550557145695,26.7582436889739,24.9179890186069
travel,1,2,3,4,166.685918028224,168.028728915636,147.662471587335,7.43151859492239,7.40668890155642,4.82373964964206,112.439243932466,113.238703597117,96.9979978298206,27.1233370478791,27.3950126592597,25.3322368787572
dwell,4,1,2,3,160.241620627522,148.86074677733,153.827460721571,7.53103447985961,7.53103448201158,7.53103447894022,109.324495465392,98.0700892760557,100.778788696651,25.4585625810646,25.3953287506374,26.5243360124597
travel,4,1,2,3,160.640061532544,146.755305488792,154.685711415463,4.88369024865403,5.72271991487839,7.2949104659778,107.103530638576,94.7190240786187,100.767458214144,26.768265446984,26.0181407050865,26.959126600659
dwell,2,1,3,4,158.309656428334,145.912869701272,158.332757278962,6.38823529397021,6.38823529378418,6.38823529416074,104.180392885023,94.0114635179252,106.143552880521,27.0646317716556,25.9507030916734,26.0946021992207
travel,2,1,3,4,159.885079671479,144.628871074726,158.670935898541,7.39284980559991,5.93341928000459,5.93825917836161,105.04315983326,92.4266112985019,104.811221921558,27.4209599191092,26.1011298881123,26.9298569884916
dwell,3,1,2,4,150.968957643905,154.014295509091,151.376575294503,6.94444444468135,6.94444443663753,6.94444444033535,97.5353052900767,102.339699832885,98.378587978167,26.7168261769143,25.8372978381032,26.4989936581682
travel,3,1,2,4,151.754616139758,153.794467424188,151.671377473208,7.35930971211034,6.09440402442895,7.35727496379914,97.7093920101128,100.37390626229,97.8277779826504,27.0226120648225,26.7102805809488,26.9217997452789
dwell,4,1,2,3,154.218208366614,158.240520911639,173.282775479543,5.364367810889,5.36436779905152,5.3643678158207,103.230303569631,106.495272125924,118.169619700715,25.4939523984915,25.8726243928571,27.5565778894139
travel,4,1,2,3,155.235815301745,159.678646383244,178.823991081977,4.74708278340374,5.85932770483476,7.43151785326025,104.164678191371,107.630871176715,123.106613276329,25.5355685551871,26.023887603264,27.8586889028241
dwell,1,2,3,4,149.088370175709,164.795088539398,163.508268021567,6.78888888904938,6.78888888678187,6.78888886760209,96.9445448134583,110.915927748186,112.710540979078,26.0719126811254,26.939580395606,25.3988635212445
travel,1,2,3,4,147.807266810937,166.382706035212,162.803562614789,7.37156731895389,7.34673796000683,4.88369025003749,95.5519842068682,111.476076886287,109.937283284111,26.1276413020345,27.4533145744627,26.433139665339
dwell,2,1,3,4,164.407574989069,153.572745068254,153.694503309411,8.69999999816083,8.69999999973207,8.7000000000306,110.847049752197,102.423323059032,102.96732402398,26.7802626184361,25.5747110046107,25.3635896427154
travel,2,1,3,4,164.072511108425,149.190315720477,149.009731813035,7.43151785099943,5.97208823255087,5.8995910943593,108.528802291049,96.4208502354055,96.5235261524951,27.7718544086877,26.3847327425359,26.24310283027
dwell,4,1,2,3,155.977145772674,159.608101377971,149.511841845041,5.45402298845709,5.45402298844244,5.45402298858538,104.476290288504,107.31461997152,95.6670464313724,25.7504277420848,26.1467407032256,26.9223977068341
travel,4,1,2,3,154.812572559586,159.612439556138,150.192956707905,4.66815047443386,5.93825918535888,7.35258586564277,102.241183043735,106.086625552696,97.0007247909912,26.2856947579254,26.7629070017206,26.5961159584567
dwell,3,1,2,4,157.214491084501,154.191392882806,164.524442245854,7.11111111142988,7.11111108098584,7.11111110155644,103.946663776876,103.026670266322,111.181801025952,26.6339136538123,25.5823613082418,26.6713206099513
travel,3,1,2,4,159.153325766241,153.575909930648,167.242403964678,7.43355308871474,6.0201603158741,7.43151854557729,105.354315131085,101.325890018784,112.456175346502,26.8995053175783,26.1250099559321,27.3931143090879
dwell,2,1,3,4,156.497747726552,170.698931693415,160.665113053171,6.15882352067848,6.15882352834879,6.15882352941829,103.098688948394,117.676799601085,108.882498805643,26.6995293890794,26.5110660461649,25.8913071237637
travel,2,1,3,4,157.976970485006,173.268161060172,160.517756635367,7.30920248841452,6.09440394946062,5.77727576126281,104.872664530808,118.567605496765,107.916974753451,26.5521529770988,27.3502777817031,26.300390940958
dwell,1,2,3,4,169.379485718266,169.629687721385,154.680064442242,7.35555555333725,7.35555555512977,7.35555554992765,116.649901357963,116.122996586937,104.840263461403,26.3647921801516,26.7533455672239,24.9199004904193
travel,1,2,3,4,169.230680044416,170.199175729479,150.024747280541,7.43151858884821,7.40668889102026,4.82373964765915,115.003799231875,115.489387168704,99.391196169972,27.1134404062707,27.3548942803874,25.3167755552847
dwell,4,1,2,3,161.637618995369,150.313070461589,154.928165090811,7.59080459775287,7.5908045707974,7.5908045854331,110.752557689834,99.5460145536085,101.933543459186,25.4425306527676,25.3835279539904,26.4973108158125
travel,4,1,2,3,159.141218226828,145.46395812573,152.841142620624,4.88369024962687,5.72271992167275,7.29491046407834,105.570540541029,93.3820165626174,98.9455434548222,26.7853388428993,26.0409707815565,26.947799582901
dwell,2,1,3,4,157.269003248455,144.527426134834,157.430528326518,6.28235293986018,6.28235292464855,6.28235293972075,103.124636765758,92.5817781365843,105.161171004604,27.0721832413486,25.9728239991251,26.1346786609567
travel,2,1,3,4,158.988667221506,143.398892599142,157.975002549734,7.39284981053508,5.93341927995814,5.93825918005952,104.112364767843,91.2106860034602,104.045679111837,27.4381512268316,26.0941032978407,26.9646617189487
dwell,3,1,2,4,148.710018781749,151.626406084743,149.307306673635,6.94444443331039,6.94444444412134,6.94444444438039,95.2563168232992,99.9400603396359,96.2768760813615,26.7268509792247,25.8431728725535,26.5152152961369
travel,3,1,2,4,150.41259800544,152.272902006201,150.528876050163,7.35930971524127,6.09440402925953,7.35727497239239,96.3324807295505,98.8419320043252,96.6238200053336,27.0400586379449,26.715485000938,26.9525280224145
dwell,1,2,3,4,158.740667983518,171.793936205628,152.212716883846,5.43333333110792,5.43333333329658,5.43333332718462,105.532321798474,116.686571981795,101.573012407528,26.604173092522,27.5536821119164,25.3198522381587
travel,1,2,3,4,160.194296630338,176.108810701293,151.385020538168,7.35928596615015,7.47892081666491,4.75150686486247,107.039083739208,120.366705570989,100.516682444593,26.5776064455652,27.8710525651517,25.4341690467875
dwell,4,1,2,3,163.088120005619,144.666795250391,161.801617327734,7.00804597715253,7.008045969237,7.00804597284971,111.932744716829,93.9814861412552,108.108016368832,25.5776876443947,25.3426545545681,26.8468004794508
travel,4,1,2,3,162.00734092476,140.418035013578,162.020595955453,4.88369025039866,5.7227193998786,7.29491056937496,108.410892503702,89.1603867258005,107.165007786869,26.798224210529,25.6288241438889,27.4277940842923
dwell,2,1,3,4,149.988325772634,143.398972821278,149.851381535817,8.41764703922505,8.41764705267056,8.41764705879438,97.0180422223676,92.1113008195672,98.6141025311809,26.485141775133,25.6438360008554,25.6186395023179
travel,2,1,3,4,150.018640741442,140.587351213463,148.459924193265,7.39284979233796,5.93341969128563,5.93825917505673,95.2718129441553,87.7238038308323,94.7556513133803,27.3734138986434,26.4317736913155,26.8521364399422
dwell,3,1,2,4,149.600587148048,153.456954703366,149.94157724704,5.56666666666579,5.56666666415582,5.56666665435053,95.4007911949719,101.097953993776,96.2426343768587,27.0998979765379,26.1795003547948,26.8494714350907
travel,3,1,2,4,153.074483008195,155.786983101827,152.763471664195,7.35930970812448,6.09440404875546,7.35727495371597,99.0753828894495,102.314135175418,98.9955533361518,26.9995500593728,26.7364239632047,26.8839591640217
dwell,4,1,2,3,152.285555500297,157.025450631815,171.495189112386,5.4091953875368,5.40919540220474,5.40919540142289,101.320909225463,105.264926011488,116.398357001864,25.4823231374172,25.8802623101635,27.548416055261
travel,4,1,2,3,151.204815689733,156.566960046074,175.029155124462,4.74708278431875,5.8593277238585,7.43151785419394,100.120529192979,104.395574725234,119.24735099782,25.5421432483765,26.0856926604199,27.8909020633207
dwell,1,2,3,4,146.030641533982,161.08364191212,159.73064746911,6.75555555504315,6.75555555224202,6.75555552968871,93.8266813482068,107.160831649889,108.843882663378,26.1019800928877,26.9614051311156,25.4433824028659
travel,1,2,3,4,146.216533846763,164.186584566596,160.512118496129,7.37156688333889,7.34673796507716,4.8836902506132,93.8802653155279,109.245411879045,107.625869631711,26.1681342656178,27.4705863437753,26.4431244322087
dwell,2,1,3,4,165.077325704571,154.522342132936,154.51744587844,8.57647058820671,8.57647058852049,8.57647055765876,111.90072192713,103.326163449192,103.75342713005,26.5883018887209,25.5980893418722,25.3820093741949
travel,2,1,3,4,164.03885339688,149.50221982816,149.184394640202,7.43151785045005,5.97208823347829,5.89959109342747,108.54163445513,96.7218107248243,96.7053462267117,27.7486094708753,26.3902045516678,26.2395242067453
dwell,4,1,2,3,157.815172798579,161.627646770721,151.631043664366,5.54367815425241,5.54367815839372,5.5436781427507,106.38702400711,109.396488308169,97.8482248237397,25.7140743957345,26.1155792312757,26.8914094203132
travel,4,1,2,3,155.625732022986,160.714030441459,151.352802928876,4.66815047381218,5.93825918468539,7.3525858656144,103.121748198225,107.210086215727,98.1701685533821,26.2519919123809,26.7519721128658,26.5913171877471
dwell,3,1,2,4,157.990165573302,155.218361790941,165.7515993296,7.13333330263324,7.13333333317681,7.13333333169806,104.69665093568,104.06885365758,112.413388540899,26.6467573188115,25.5747540666803,26.6691053943503
travel,3,1,2,4,156.710614719509,151.580965759144,165.445543270957,7.4335530874532,6.02016032196494,7.43151856986971,102.928054843554,99.2918147925555,110.575501940436,26.8912799379774,26.1445754832942,27.4350206652604
dwell,2,1,3,4,151.887712247626,166.49599181011,156.72709025973,5.94705882347603,5.94705881927595,5.94705880945376,98.3576922232861,113.189615455377,104.789712479026,26.7650100121697,26.6531881773665,25.968688890352
travel,2,1,3,4,152.356918506744,168.144309167046,155.710219237661,7.30920285109305,6.09440402166752,5.77727578552635,99.2100844813332,113.283564850895,102.951416113933,26.5734170127052,27.4303721580754,26.3794015618638
dwell,1,2,3,4,164.043531296324,164.770249346092,150.127147346623,7.25555554992054,7.25555554017007,7.25555555231212,111.251486684344,111.155174900051,100.214650452949,26.3960223059905,26.8075372230209,24.9562484468368
travel,1,2,3,4,163.62897980348,165.152002909928,145.304988467947,7.43151860435356,7.40668891003025,4.82373926893282,109.352466940509,110.300980073217,94.5509252185408,27.1382564314853,27.4255114183553,25.377031624703
dwell,4,1,2,3,155.701989728482,144.769000647472,149.73534339654,7.18735631843041,7.18735632196726,7.18735629618223,104.617268570414,93.8147416171456,96.4703133571104,25.5423605790337,25.4771295151632,26.6325150197149
travel,4,1,2,3,156.407340924771,143.048328151077,150.919365988289,4.88369025042282,5.72271992988488,7.2949104753314,102.810893580973,90.9123618938469,96.8919597238797,26.7982236718992,26.0679831286153,27.0137031322046
dwell,2,1,3,4,155.446809280566,143.407670396297,155.219281436858,6.17647058824795,6.17647058661802,6.1764705873718,101.231209271811,91.3640376331886,102.919139641438,27.1078000043774,26.0218163815544,26.1500708977104
travel,2,1,3,4,156.859758419716,142.060613913043,155.379089968556,7.39284981469097,5.93341964673799,5.93825917882871,101.955788704037,89.7584029235702,101.499588163638,27.4519848578397,26.1511054947362,26.9397509024587
dwell,3,1,2,4,150.895672460202,153.630026539473,151.045241202931,6.76666666585831,6.76666666663461,6.7666666624691,97.3528781950961,101.884946811247,97.9629474326549,26.771397132553,25.8725398641132,26.5411468851379
travel,3,1,2,4,150.078103446226,151.841370726024,149.749065664318,7.35930971734495,6.09440403404169,7.35727496697397,95.9745791236145,98.3999673434304,95.8825156391927,27.0517621613056,26.7207016912969,26.9332750125626
dwell,4,1,2,3,151.542963571926,155.424252518053,170.457755398001,5.27471263121716,5.2747126439166,5.27471264220163,100.397048972131,103.616508557921,115.258387845827,25.5729572998975,25.9038719800661,27.5996837760869
travel,4,1,2,3,150.490682481315,154.891909785337,173.901661832453,4.74708278920432,5.85932771761084,7.43151856288199,99.3352548705015,102.759614668418,118.07924306974,25.5777138054067,26.0661475584591,27.9112093813568
dwell,1,2,3,4,146.302535335195,161.912374260979,160.347737190964,6.61111110009386,6.61111109726567,6.61111109822301,94.0524136739295,107.897915876719,109.461591139498,26.1250608306325,27.0072291921301,25.443073025733
travel,1,2,3,4,143.4496430761,161.828210607706,158.038634215452,7.3715668833643,7.34673797677934,4.88369025248623,91.1070682943894,106.810247691088,105.091912623271,26.1712873908555,27.508981458309,26.4733607960902
dwell,2,1,3,4,162.590541012644,152.145492395685,152.038549354055,8.55882352939737,8.55882352941956,8.55882350683708,109.376677871988,100.922160170605,101.254147961842,26.6069315703278,25.6116661125403,25.3922006961064
travel,2,1,3,4,164.762758733907,150.346142957675,149.80907456734,7.43151785054128,5.97208823544175,5.89959109244348,109.257817711214,97.5437556402266,97.3371696385453,27.7524705113466,26.4011936587243,26.2359524643976
dwell,4,1,2,3,157.330687867008,160.790184669787,151.274908089577,5.51379310025385,5.51379310310092,5.51379309011222,105.87689844336,108.55993242804,97.4574833032176,25.7268947118238,26.1151261208738,26.9087123931796
travel,4,1,2,3,158.795438493075,163.226699496199,154.652736062465,4.66815047357947,5.93826004534649,7.35258586560024,106.318096116553,109.851829096739,101.474891830976,26.2386711882608,26.6874351997297,26.5889221157445
dwell,3,1,2,4,163.903248375496,160.450216993424,171.333630758514,7.22222221652764,7.2222222223233,7.2222222224285,110.743812143608,109.392013687399,118.101073527993,26.5797181159439,25.5291016530126,26.6162786152605
travel,3,1,2,4,166.014421598821,159.887209369255,174.174560691662,7.43355307936437,6.02016029052438,7.43151850960364,112.340013163035,107.811923485438,119.525142835187,26.8372042178928,26.0376429419083,27.3247089282375
dwell,2,1,3,4,161.314811814441,176.210080445021,165.560359013331,6.54705881176234,6.54705882349275,6.54705882137238,108.178290777545,123.367204410273,114.006159007731,26.5682605184482,26.4214380173743,25.7771000028001
travel,2,1,3,4,160.519288724988,176.688161060132,163.160573464384,7.30920284275595,6.09440394938331,5.77727574695535,107.517090806015,121.98760598188,110.661680577635,26.5010989594865,27.3502775391263,26.2494464433748
dwell,1,2,3,4,171.850772750966,171.952049021405,156.40566843664,7.60000000035635,7.59999999963694,7.59999995899302,119.22728809355,118.578458678221,106.607986173387,26.3117423287081,26.6867951715917,24.8988411316265
travel,1,2,3,4,170.108979803524,170.781574894081,149.877743417948,7.43151860443842,7.40668889191533,4.82373964223224,115.83246745315,116.065147688338,99.3099824218351,27.1382561751866,27.3582136028718,25.2838804980566
dwell,4,1,2,3,159.129942783142,148.114645018804,152.3841584558,7.69540229885518,7.69540229859158,7.69540228366512,108.269088055494,97.3592842555775,99.4264257881982,25.430427363824,25.3776803816133,26.4788663338011
travel,4,1,2,3,159.646568023407,146.118562582557,153.260022396896,4.88369024988707,5.72271992509558,7.29491046361415,106.067315035943,94.0135677783983,99.3700692427247,26.7896264937319,26.0524974020793,26.9449765770857
dwell,2,1,3,4,157.651457383299,144.803861041848,157.468053884614,6.21176469824935,6.21176470601695,6.21176470526012,103.457632289948,92.823076704014,105.183577207328,27.0969125466756,25.990392168917,26.1422383386428
travel,2,1,3,4,161.403195507991,145.739024367756,159.883928091818,7.39284980857177,5.93341927989852,5.93825917768412,106.54067306166,93.5694695685018,106.053744393115,27.4312612231651,26.0847773996269,26.9150918493517
dwell,3,1,2,4,152.912155590714,155.567828603179,153.024623229255,7.04444444316415,7.04444444436253,7.04444444039457,99.5308790503713,103.963581847962,100.095019832634,26.6906382701714,25.8021233776084,26.4648016983106
travel,3,1,2,4,154.462028585154,155.970069869207,154.014924327658,7.35930971109017,6.09440398445905,7.35727495568512,100.428378268865,102.642123074817,100.231969857387,27.0168251581445,26.6639733971948,26.8914772351359
dwell,4,1,2,3,154.917502146777,158.53793629021,173.927792724637,5.42413791642674,5.42413792987101,5.42413792456541,103.954028770496,106.839464930996,118.847460146685,25.4817366881404,25.8492356796071,27.5401662889759
travel,4,1,2,3,152.893305897518,157.083385432557,176.519155124463,4.74708278583887,5.85932770598288,7.43151785419528,101.786971874057,105.028009975552,120.737351883528,25.5531670117304,26.0276877285027,27.8909016204675
dwell,1,2,3,4,148.742489748888,164.795370668547,163.488939983177,6.75555554426034,6.75555555573016,6.75555555457522,96.5940828060119,110.88727196013,112.669355386533,26.074203471438,26.9540493542084,25.4097922983218
travel,1,2,3,4,148.846992143658,167.862706035215,164.224337014265,7.37156731553724,7.34673796001051,4.88369024974992,96.6345668241774,112.9560769819,111.368008150115,26.1062126597404,27.4533145266573,26.4281644320751
dwell,2,1,3,4,167.763520947803,157.147116147805,157.101783901681,8.94705882383142,8.94705880251533,8.9470588064981,114.777665000466,106.104930210714,106.482512565201,26.4929279736683,25.5210929685456,25.3096356682401
travel,2,1,3,4,166.359550447882,151.633078228386,151.282308361978,7.43151785001397,5.97208822876122,5.8995910859516,110.900790813337,98.9070836764433,98.8600332622287,27.7293798172724,26.3629972759714,26.2111375498748
dwell,4,1,2,3,160.407305401272,164.280972981972,154.011314502748,5.69310344782736,5.69310344436167,5.69310344528044,109.074091942547,112.081590608108,100.347582775555,25.6666067293626,26.0996911869322,26.8318658635963
travel,4,1,2,3,158.710463262998,163.878665082744,154.262494012106,4.66815047324386,5.93826008625743,7.35258586540658,106.272743625932,110.428945772828,101.151129858475,26.2188598185332,26.7248596549578,26.5556820768154
dwell,3,1,2,4,160.411012930616,157.692982303073,168.378459961513,7.29999999952388,7.29999999985871,7.29999999966981,107.290051148577,106.628196057885,115.138608772106,26.5604808910197,25.532393122594,26.6199255947032
travel,3,1,2,4,158.212112917342,153.165909930682,167.239128817497,7.43355308331738,6.02016031592086,7.43151856421682,104.483956733048,100.915889936009,112.387825281322,26.864078092147,26.1250099973364,27.4256517680875
dwell,2,1,3,4,153.75698724106,168.748825419159,158.838462878334,6.07058823544085,6.07058822917769,6.07058823371925,100.239355021086,115.581646702536,106.976239010679,26.7588161099867,26.5835893583117,25.9311119338278
travel,2,1,3,4,155.747457562235,171.943157776087,159.276724992847,7.3092024883077,6.09440399716594,5.77727577462076,102.680582797958,117.133500357677,106.586423310897,26.5334373821389,27.404828709205,26.3451508409748
dwell,1,2,3,4,169.22366831805,170.145646052811,155.289316086018,7.51111110518621,7.51111111120802,7.51111111088811,116.599692000385,116.705027753603,105.49086149816,26.3119881588322,26.7203091496038,24.8992272939291
travel,1,2,3,4,170.604240847684,172.491574894068,152.274747280562,7.43151855236776,7.40668889189737,4.82373964767904,116.504105346395,117.775148225109,101.641196019447,27.0500677506445,27.3582133344794,25.3167756305576
dwell,4,1,2,3,163.51548075336,151.124064282826,156.455928433005,7.56091953664644,7.56091952997763,7.56091954044491,111.611086193189,100.373951891797,103.439076434621,25.9521972800856,25.3750561955145,26.5084259991923
travel,4,1,2,3,162.774446408569,148.379162552685,156.708910926923,4.88369024794153,5.72271990427835,7.29491046313765,109.263366624835,96.4176846683127,102.824597021988,26.7555398918672,25.9807389421861,26.9421569524672
dwell,2,1,3,4,160.380974710436,147.959438198376,160.520713364895,6.59999999597384,6.59999999476832,6.59999999228709,106.45499509313,96.1765967452106,108.44665065208,26.9629898086528,25.8914207265827,26.0370313564078
travel,2,1,3,4,162.113970395271,146.759273005884,161.004984603928,7.39284979794027,5.93341927984015,5.93825917746218,107.326601052146,94.6082713824159,107.184604566669,27.3936846715622,26.075500811734,26.9101900186291
dwell,3,1,2,4,155.075171382772,158.195576103159,155.475708095427,7.13333333299617,7.13333331364947,7.13333330658005,101.778776353063,106.636997904073,102.607524834731,26.6481975148544,25.7792890995431,26.4340916303481
travel,3,1,2,4,156.921484184254,158.925865696701,156.785117200928,7.35930970289509,6.09440397219445,7.35727494892405,102.985063836272,105.628367573452,103.054572412699,26.968210173991,26.6487490616242,26.865272394114
dwell,4,1,2,3,157.386150633661,161.388134554205,177.053671651119,5.54367814679802,5.54367815929158,5.54367816094987,106.514295528235,109.762287208564,121.044665805028,25.4359275527132,25.8129236728209,28.0045029230457
travel,4,1,2,3,158.173258708351,162.617842281111,182.385360825809,4.74708277817901,5.8593276930482,7.43151785303743,107.179792654116,110.652606292224,126.683981739256,25.4967330271173,25.9826179944437,27.8506895432766
dwell,1,2,3,4,151.565275614528,167.851640804096,166.637128357568,6.99999999066015,6.99999999990625,6.99999999866471,99.5512579126582,114.102980356963,115.938023872242,26.0070088509348,26.8743302235666,25.3495522426631
travel,1,2,3,4,149.917310855368,169.159133231893,165.615990146942,7.37156731217944,7.34673795503792,4.88369107190574,97.7472279628627,114.286825297353,112.779492061781,26.0850414462528,27.4361539672702,26.4182490425803
dwell,2,1,3,4,166.24100813025,155.365749647466,155.479206752508,8.94705882362083,8.94705882026689,8.94705882118994,113.227186854189,104.320095995234,104.848832566863,26.5069106380304,25.5228268261158,25.3151870928225
travel,2,1,3,4,165.384564877742,150.303949986626,150.133216411527,7.43151785081179,5.97208822922219,5.89959108959031,109.856394132662,97.5725480095062,97.6826614277808,27.7640853725398,26.3657009885597,26.2252774918733
dwell,4,1,2,3,156.973872760868,160.695465296875,150.310671421968,5.52873562227552,5.52873562983393,5.5287356168769,105.515849496665,108.44041735307,96.5283793077412,25.7290116321019,26.1275239719022,26.8911460571134
travel,4,1,2,3,157.970972901474,162.766699147058,153.172432264925,4.66815047393273,5.93825918370999,7.35258622691376,105.453600491526,109.295366218828,100.042184050849,26.2586862049743,26.7356664641151,26.5651241070381
dwell,3,1,2,4,159.000869830598,156.008474316008,166.343786139064,7.23333333338895,7.2333333308316,7.23333333029665,105.812425652749,104.904244903634,113.024502295774,26.5942220889246,25.552114706187,26.6596419216449
travel,3,1,2,4,159.369727599446,153.890961438697,167.564391634593,7.43355308704065,6.02016031473334,7.43151854294327,105.592638217223,101.648717827263,112.78739438376,26.8885446911118,26.1211218057172,27.3884986254164
dwell,2,1,3,4,156.282926015353,170.733756013569,160.562599515824,6.15882350729427,6.15882352942921,6.15882350413652,102.890585780975,117.6452880181,108.707669573953,26.6961701171889,26.5442339977342,25.9274649709356
travel,2,1,3,4,156.877008838193,172.477739930595,159.569068065561,7.30920248839995,6.09440397063754,5.77727576334827,103.777400872265,117.727098855777,106.953508005999,26.5498039829638,27.3753205374086,26.3077800297815
dwell,1,2,3,4,170.608591648376,171.099702430933,155.983673203621,7.43333333009193,7.43333331254838,7.43333333231842,117.93413075159,117.635730794456,106.177004574558,26.3372304483928,26.7319858182385,24.9033343145315
travel,1,2,3,4,169.980528357256,171.219175729484,150.833159315379,7.43151857704051,7.40668889102654,4.82373926836575,115.79299744222,116.509387882765,100.220025444403,27.0937654575178,27.3548939233593,25.3065669354876
dwell,4,1,2,3,160.898209084696,149.413068297477,154.17170650817,7.59080459764255,7.59080459285637,7.59080457999365,110.01444737377,98.6459899798735,101.167954493689,25.4418808554629,25.3835391588017,26.5018760072406
travel,4,1,2,3,161.945314491515,147.885917284515,155.616714176231,4.88369024889315,5.72271991268572,7.29491046220481,108.400269516894,95.8647251936839,101.743657155044,26.7725224873105,26.0105960454156,26.9365285105935
dwell,2,1,3,4,161.979371854345,149.309589520921,161.791395939716,6.54705882336915,6.54705880779792,6.54705882384496,108.024943115,97.5149077548649,109.718992126236,26.9772143696726,25.8973408830281,26.0362019067402
travel,2,1,3,4,162.599175527416,146.999637515818,161.110705723459,7.3928497997926,5.93341927978191,5.93825917642312,107.798220770895,94.8670923582102,107.339047548395,27.4004773782606,26.0662725788038,26.8858290875322
dwell,3,1,2,4,154.562436485002,157.800555011985,154.669737204479,7.15555555454844,7.15555554994325,7.15555555576963,101.268063663385,106.233556342746,101.823718985583,26.6471864108085,25.7834993346197,26.4230091094478
travel,3,1,2,4,156.32608715832,158.506369716492,155.858292847402,7.35930970474927,6.09440399283834,7.35727494608184,102.366972696005,105.158007193082,102.150024308254,26.9795572311575,26.6741812617052,26.8541342695744
dwell,4,1,2,3,155.831503001314,160.008938073453,175.332936192885,5.55862067749514,5.55862068914603,5.55862068834316,104.955103134481,108.368906843435,119.324444601602,25.4381999334163,25.8200156150087,28.0042457956414
travel,4,1,2,3,152.596884212197,157.482546305177,176.703623611999,4.74708243711514,5.85932771055696,7.43151785431459,101.538837239471,105.396603004878,120.913718247541,25.5290234863627,26.0429716501494,27.8949526822291
dwell,1,2,3,4,148.568632456087,164.409335050285,163.16233041545,6.87777777645499,6.87777776971732,6.87777777122028,96.4661426744201,110.569826173537,112.392439920086,26.0512448908332,26.9197544383739,25.3849452476822
travel,1,2,3,4,146.787266810948,165.533784236875,162.020814930595,7.37156731896638,7.34673796410714,4.88369025121735,94.5319843748859,110.599538875873,109.114502354422,26.127641218031,27.4671226805008,26.4531562880867
dwell,2,1,3,4,165.943619980475,155.296424710892,155.362925897277,8.82352940852313,8.82352940646759,8.82352941149922,112.884740287849,104.200187515475,104.687888205634,26.5294398463131,25.5481185977084,25.3375188458216
travel,2,1,3,4,167.85193302185,153.131362720058,152.807123168812,7.431517849841,5.97208822782675,5.8995910850314,112.408485313293,100.416160683371,100.391884961003,27.7217238542785,26.3576010183436,26.2076191039044
dwell,4,1,2,3,162.229149778821,165.749709902692,155.824764203013,5.72298850279817,5.7229884916259,5.72298847808755,110.918623682677,113.658164942548,102.185581013135,25.6552630480716,26.045772480072,26.8195915949388
travel,4,1,2,3,160.253182281474,164.997991908597,155.812608791578,4.66815047308119,5.9382600399416,7.35258586536584,107.835121947746,111.633714359401,102.715349481695,26.2090301668638,26.6821387745982,26.5486296549418
dwell,3,1,2,4,163.804058723462,160.634937786387,171.84542600475,7.38888888648742,7.38888888830698,7.38888888894141,110.747491115958,109.642833861483,118.632189994723,26.5282838037523,25.496051962452,26.6066180050134
travel,3,1,2,4,162.373696419316,156.739179799989,171.442403964615,7.43355307899002,6.02016029780747,7.43151854546392,108.704627020691,104.611612254825,116.656174967597,26.8345346993122,26.0637837725821,27.3931144985093
dwell,2,1,3,4,157.837032688573,173.057000453371,162.885286086081,6.40588233594892,6.40588235294306,6.40588235252804,104.624659220124,120.10701031393,111.218886137045,26.6061867342246,26.4749950697204,25.8331999745179
travel,2,1,3,4,156.908951898562,173.447857688501,160.470452186698,7.30920284334935,6.09440398537455,5.77727576553785,103.897578247834,118.663569256016,107.840058196959,26.5056868253644,27.3921442162425,26.3151969948695
dwell,1,2,3,4,170.184326897415,170.687542206717,155.605381407762,7.63333333339634,7.6333333330121,7.63333333069666,117.591914100749,117.318391664894,105.859381229258,26.2962063983328,26.6845752709112,24.8730000892523
travel,1,2,3,4,171.860804079594,173.242046854186,152.718928091522,7.43151856578998,7.40668888851277,4.82373926826555,117.712309502878,118.552125740947,102.13109730557,27.0742472883578,27.3449605566197,25.2939153929761
dwell,4,1,2,3,164.064560633067,152.437638984168,157.406674278479,7.72528735607309,7.72528735465641,7.72528735443073,113.251220681835,101.743467789248,104.486749563631,25.4066699756161,25.3470855974596,26.4599623574238
travel,4,1,2,3,163.263958751429,149.178232651357,157.091374234303,4.88369024705276,5.72271990634266,7.29491045993695,109.786603897957,97.201922321045,103.246339491901,26.7386774267358,25.9881551651561,26.9225173712008
dwell,2,1,3,4,162.158420734307,149.624081056655,162.456375149834,6.61764705906542,6.61764705248952,6.61764705900086,108.263297780781,97.8690390481547,110.398889371672,26.9475614767631,25.8775210042503,26.0287428890806
travel,2,1,3,4,164.501135332622,149.050710594552,163.539503377288,7.39284978964663,5.93341963311191,5.93825917661878,109.774460952028,96.9547888883926,109.758140042677,27.3633371902969,26.0479608530797,26.8906816673056
dwell,3,1,2,4,155.748014163596,159.16380109278,156.299269799992,7.23333330306715,7.23333332280547,7.23333332277926,102.519453334821,107.644194001021,103.485125081697,26.6142804143876,25.7598035458794,26.4070723591477
travel,3,1,2,4,155.249235312424,157.74456915517,155.362082535858,7.35930970192302,6.0944039972142,7.35727495179831,101.324120897089,104.385963578296,101.609150798996,26.9625572076675,26.6793027884371,26.8764658684308
dwell,1,2,3,4,161.734901729815,175.235798180932,154.72949766217,5.69999998019434,5.69999999581238,5.69999997748355,108.689067945437,120.212311666295,104.247087784625,26.5229168921891,27.5117432573188,25.2412049387722
travel,1,2,3,4,162.260078039848,178.764879915947,152.814778922981,7.35928596100756,7.47892081735029,4.75150686443213,109.143618813466,122.974646314321,102.045108609509,26.5582296131909,27.8951168008133,25.3848351567361
dwell,4,1,2,3,164.708914262055,145.95376936828,163.55820569189,7.29195402296138,7.29195402286878,7.2919540229875,113.677915400989,95.390601106177,110.010601977301,25.5154994305333,25.2815841310513,26.7738018572943
travel,4,1,2,3,162.581942229196,140.598918703788,162.811585579629,4.88369025014999,5.72271939969498,7.2949105733453,108.994100442782,89.3826355402118,107.928454622629,26.7939208932073,25.6081415817879,27.4415654784999
dwell,2,1,3,4,152.97972032414,146.615958934247,152.822328737092,8.68235292747427,8.68235294127179,8.68235293781744,100.162180600674,95.4433860120557,101.717907988394,26.4087698617332,25.5862864610958,25.5522103743492
travel,2,1,3,4,153.734511373218,144.527749091569,152.068915695357,7.3928497800568,5.93341968673869,5.93825917299918,99.0810673977665,91.7142315517564,98.477966768789,27.3267219877258,26.4067587699065,26.7954744632841
dwell,3,1,2,4,150.18199357065,154.522499101581,150.5341339434,5.58888887045626,5.58888888768484,5.58888888865657,96.0147191685739,102.158541383901,96.8650795256556,27.083637201038,26.1819788588401,26.834527208872
travel,3,1,2,4,150.46448300821,153.933596173411,150.264924327624,7.35930970814012,6.09440411003852,7.35727495563894,96.4653826559465,100.343570613205,96.4819696286955,26.9995501761316,26.7950127801032,26.8914773494643
dwell,4,1,2,3,153.225301907311,158.363049323031,172.61216513391,5.51379308278802,5.51379310279285,5.51379310231345,102.32776746684,106.649732863318,117.59248246157,25.4487672202354,25.8566582298564,27.5098413361701
travel,4,1,2,3,154.160505507028,159.856877248826,178.223991081977,4.74708277965296,5.85932771890722,7.43151785325915,103.141379908258,107.716798177781,122.506613136191,25.5095627993853,26.0700395355224,27.8586889728928
dwell,1,2,3,4,148.221980791827,163.189968624692,161.916322396099,6.91111108684605,6.91111111106367,6.91111111118061,96.0991828040901,109.378493085819,111.126854272445,26.0613989938683,26.9057377694369,25.3947340618275
travel,1,2,3,4,148.331179111868,166.231823498617,162.586868210027,7.37156688320431,7.34673795601783,4.88369106672735,96.0262759874693,111.3526693221,109.760252133029,26.1524515621994,27.4395770882583,26.4133080384986
dwell,2,1,3,4,166.375284600981,155.530232607073,155.574816474894,8.62941174369476,8.62941174591202,8.62941176291247,113.171756890656,104.367452383724,104.839903036982,26.6017638551623,25.5813901116745,25.3674567189562
travel,2,1,3,4,166.741087575971,151.842215813328,151.532308362003,7.43151785027311,5.97208822827142,5.89959108598261,111.259283258773,99.121620980885,99.1100337703539,27.7409021585992,26.3602974162215,26.2111372958247
dwell,4,1,2,3,159.628679892233,163.312101635072,153.094419808777,5.64827586132792,5.64827585420892,5.64827585396419,108.257920676285,111.146391621807,99.39944657615,25.6853796079737,26.0828550066321,26.8474866163133
travel,4,1,2,3,160.352920719714,165.134222398539,155.742608791578,4.66815047329647,5.93826005665792,7.35258586536525,107.908625022367,111.738092877684,102.645349455371,26.2221478486735,26.6980647604272,26.5486296681033
dwell,3,1,2,4,164.274815203805,161.106769589877,171.878157697806,7.39999999991365,7.39999998094311,7.3999999973209,111.216408162324,110.113747319131,118.73327744873,26.5292035207405,25.4965111353731,26.5724401245379
travel,3,1,2,4,164.562979167162,158.839948152559,173.035499875678,7.4335530785822,6.02016029570455,7.43151851861663,110.899242213816,106.727396638859,118.349945527928,26.8318684766734,26.0562757568504,27.342777173875
dwell,2,1,3,4,160.978403279361,176.078973282363,165.483795073789,6.49411764104982,6.49411764309244,6.49411764639953,107.822656722291,123.20259697656,113.898785367724,26.5778732785349,26.4381881529017,25.7925048530329
travel,2,1,3,4,162.751110563841,179.098835167837,165.584479792056,7.30920284052096,6.09440393615664,5.77727574408128,109.789942716909,124.43141722976,113.107071526221,26.4805839234656,27.3337089690383,26.2387041329173
dwell,1,2,3,4,173.266030448191,173.559869720006,158.056581215987,7.68888888871128,7.68888888901013,7.68888887886377,120.705907937454,120.241811994344,108.354436695633,26.2800612553686,26.6590288628312,24.8510722601771
travel,1,2,3,4,173.868195402024,174.928095626206,153.973215005857,7.43151856860854,7.40668888352568,4.82373963872288,119.70997130637,120.27767895653,103.450055206825,27.079112047827,27.325208334838,25.2615798995161
dwell,4,1,2,3,165.229150050682,153.568166261335,158.292363280841,7.91954022968531,7.919540221324,7.91954022593606,114.495429759293,102.944984225486,105.482353006828,25.3668601456945,25.3115910179245,26.4050051370066
travel,4,1,2,3,163.34415533756,149.232797171841,156.835250271734,4.88369024747631,5.72271990739266,7.29491045727667,109.849967909429,97.2490460622242,103.023615787668,26.7470937140653,25.9918755548082,26.9058172420329
dwell,2,1,3,4,160.488420513433,147.617496730046,160.864488392531,6.51176470596368,6.51176468099832,6.51176470573427,106.509935472658,95.8140673402286,108.726809934217,26.9892425203877,25.9017146949089,26.0688392291568
travel,2,1,3,4,160.81442864011,145.009986724773,160.06654655324,7.392849801735,5.93341963439586,5.93825917954719,105.99985433882,92.8912206486115,106.157212323704,27.407287150645,26.0593830380806,26.9546671147681
dwell,3,1,2,4,151.828469712988,155.079682768198,152.55537046045,7.16666665369683,7.16666666640096,7.16666666663696,98.5305991825554,103.506759826698,99.6631299850135,26.6489352652163,25.7864614707498,26.4461202377183
travel,3,1,2,4,151.366962169302,153.722902006225,151.699065664316,7.35930970914961,6.0944040293098,7.35727496697183,97.3563736607308,100.291932445436,97.8325156803943,27.0052942542855,26.7154847803944,26.933274991961
dwell,1,2,3,4,156.613780859993,169.619651186078,149.781910402742,5.47777777779103,5.47777776646837,5.47777777765888,103.405993184019,114.496497327521,99.1554649249437,26.6038938379868,27.5615769292784,25.3132227388991
travel,1,2,3,4,155.434543230266,171.23876427423,146.196719446242,7.35928598155134,7.478921534197,4.75150726719691,102.168858509428,115.3511143422,95.2777141114892,26.6328423604188,27.943824966015,25.4595026673764
dwell,4,1,2,3,156.34589450183,138.614219450662,155.50593043894,6.79885057488794,6.79885057418785,6.79885057106258,104.698722386407,87.8006814690045,101.623413228144,25.8235860577114,25.4067689908287,26.941258605398
travel,4,1,2,3,156.648366275419,135.753347223903,157.146512740084,4.88369025357938,5.72271983678956,7.29491059382553,102.956244903996,84.3804747527148,102.130574936901,26.8460606857114,25.6864362355942,27.5079689015913
dwell,2,1,3,4,146.723713127517,140.484228743512,146.080489327946,8.11764705788256,8.11764702587433,8.11764705831456,93.5734871991527,88.9746129323777,94.7303259664901,26.5751129641821,25.7548079055673,25.6750816807282
travel,2,1,3,4,145.877772755874,136.921040506549,143.738522055559,7.39284980660846,5.93341970617906,5.93825917524888,91.028994515062,83.9035577801123,90.0246813841606,27.4243891204061,26.5087413632181,26.8569203356992
dwell,3,1,2,4,145.609682266194,149.228803105071,145.523680392527,5.23333331200755,5.23333333337596,5.23333331681277,91.1467666098026,96.6576936765861,91.6096091221821,27.2314578281958,26.2855547142425,26.9570356351727
travel,3,1,2,4,150.020911888632,152.456819880926,149.218021682946,7.35930971840508,6.09440409227696,7.35727495967347,95.9056398655871,98.8990479349664,95.4048452865373,27.0576360115223,26.7788859729796,26.9065881982045
dwell,4,1,2,3,151.81500331531,156.142604095384,170.239832051805,5.40919540170018,5.40919540005235,5.40919540238173,100.822797295158,104.375603594343,115.170370830309,25.496103010076,25.8835002505205,27.5347306107478
travel,4,1,2,3,150.320880819534,155.282247908066,173.282685329922,4.7470827889386,5.8593277276707,7.43151785348429,99.169950465707,103.087202725314,117.549264744372,25.5754651769135,26.0975225913762,27.866710292775
dwell,1,2,3,4,144.74164194836,159.373238337733,158.289132547514,6.5666666612365,6.56666665491662,6.56666666073949,92.4329176752028,105.350313029311,107.361398329904,26.1543621365784,27.011462654211,25.4638671088051
travel,1,2,3,4,142.241245383877,159.540772283167,156.36644734898,7.37156688372315,7.34673797031128,4.88369025458073,89.8156779937217,104.564831591872,103.358400558404,26.2127836950775,27.4879703456474,26.5040233952881
dwell,2,1,3,4,161.227998070793,150.495329109889,150.925401970886,8.31176470315433,8.31176470488531,8.31176470583418,107.503031664585,99.1813054112447,100.029680446388,26.8624832031041,25.6570118493224,25.447860762249
travel,2,1,3,4,162.472511108424,147.8361429577,147.964056044865,7.43151785099897,5.97208823546815,5.89959110435614,106.928802351756,95.0337559908348,95.4055302967634,27.7718543783343,26.4011934834326,26.2792628740509
dwell,3,1,2,4,158.30846053697,157.990612451233,147.306919050692,5.56666666685976,5.56666666611283,5.56666665754875,103.767372779397,105.601424007314,93.9424797827791,27.2705438787863,26.1945942219597,26.6822196339566
travel,3,1,2,4,159.212458506048,157.530699098663,146.636779854833,7.35930979395166,6.09440412867996,7.35727486553493,104.416793314752,103.908195141095,93.7242545416897,27.3978325956478,26.8112519787841,26.4562626565718
dwell,4,1,2,3,152.649989753285,152.451428529681,166.103940175518,7.39655172434303,7.3965517092633,7.39655172438157,102.319897527514,101.580055037248,112.261842034038,25.1650461128855,25.4356867462163,26.9210490707397
travel,4,1,2,3,150.993438193181,151.363927655418,169.866715221329,4.74708281998415,5.85932770370735,7.43151785157595,99.4498318223089,99.3237372340251,114.276145134121,25.7718031854362,26.0200952106962,27.7952850436041
dwell,1,2,3,4,145.456922133502,160.75966541562,160.010896008241,5.6666666636405,5.66666666422184,5.66666666655311,92.752937532004,106.234625801091,108.66265847958,26.351992300749,27.2625198072645,25.6741187643305
travel,1,2,3,4,144.856533846761,162.527240418488,159.866447348973,7.37156688333569,7.34673795801714,4.88369025456325,92.5202650450973,107.63436670023,106.858400273045,26.1681344008317,27.4464368591292,26.504023537964
dwell,2,1,3,4,163.514602796247,152.548416386213,153.348274781874,8.5588235244007,8.55882352957026,8.55882352548966,110.311277871302,101.35614620496,102.547682803375,26.6016624624728,25.5961350906264,25.4002959892495
travel,2,1,3,4,166.101087575971,151.079684413183,151.611252589183,7.43151785027293,5.97208822690698,5.89959109831411,110.619282862289,98.3752448379108,99.0962834777762,27.7409023568409,26.3522197876362,26.2574845557034
dwell,3,1,2,4,162.608668292323,162.242745317233,151.586282108177,5.81111110557882,5.81111111037868,5.81111110360595,108.259702992272,110.020668052032,98.4676904147219,27.1744826500254,26.1110386326005,26.5592958467277
travel,3,1,2,4,163.41554982475,161.612907749326,150.775543973166,7.35930978080897,6.09440406450929,7.35727444304359,108.720068515921,108.108397450685,97.9419495267502,27.3477406544144,26.7522551493203,26.4167972232077
dwell,4,1,2,3,154.249135233062,154.020316973735,168.160402396592,7.51609193410041,7.51609195397307,7.51609195057188,103.980725767144,103.213089671853,114.359212654745,25.1342047329588,25.403613650941,26.9005948709234
travel,4,1,2,3,150.849481465026,151.285254514829,170.355654444973,4.74708281638633,5.85932769930894,7.43151785228731,99.3464291018679,99.2752388731878,114.709938873779,25.751526181579,26.0050078208208,27.8228577855971
dwell,1,2,3,4,144.987525461223,160.777037281968,159.956030607558,5.75555555487555,5.75555555559068,5.75555555529505,92.3424813829243,106.287566645455,108.633413413967,26.3225220391496,27.2447353182561,25.6613085967957
travel,1,2,3,4,145.135126253125,163.4182205679,160.646211338054,7.37156732203089,7.34673796203295,4.88369025494922,92.8426931520494,108.497801302898,107.627859985196,26.1462165505376,27.4602096325011,26.5091756764292
dwell,2,1,3,4,161.407504740104,150.660388378182,151.43046274358,8.57647058763388,8.57647058822358,8.57647056562729,108.201909417946,99.4560445918161,100.619612226542,26.6027976610789,25.6021718931828,25.405425258519
travel,2,1,3,4,163.966679069296,149.178449681621,149.68958493442,7.43151785063081,5.97208823154993,5.89959110536086,108.454004532199,96.4198970890615,97.1237513259881,27.7563372685486,26.3792762962799,26.2829168042159
dwell,3,1,2,4,162.531595724751,161.954313397571,151.651952361197,5.74444444277258,5.74444444445817,5.74444444451043,108.140394832869,109.71309117757,98.4875570257275,27.1956004459407,26.1206111100006,26.5821976677349
travel,3,1,2,4,166.351509674113,164.117700122983,153.803986492418,7.35930977578449,6.09440401499654,7.35727444297416,111.695563851052,110.717885827432,100.988383057993,27.3279729115308,26.6999071477754,26.4078017172128
dwell,4,1,2,3,157.045507489833,156.452829403206,170.906663590436,7.56091953847838,7.56091953057798,7.5609195399676,106.803407578958,105.689728846681,117.158499849561,25.1210499554376,25.3815502782624,26.8740818704375
travel,4,1,2,3,153.406924229458,153.439959240808,172.84671522133,4.74708281379954,5.85932768893256,7.43151785157718,101.933954032438,101.504257351604,117.256145132594,25.7364850985098,25.9678509446016,27.7952850443683
dwell,1,2,3,4,149.088722941423,165.347317756922,164.73711362335,5.88888887061133,5.8888888876044,5.8888888802409,96.480629143296,110.982126725102,113.505545538685,26.3040468990634,27.1825955159104,25.6157840423322
travel,1,2,3,4,148.091308874632,166.805862747954,164.247759475333,7.37156731452958,7.34673795026392,4.88369025314725,95.8910334450246,111.967654670667,111.280691115376,26.1001377148037,27.4191040386434,26.4835341799784
dwell,2,1,3,4,165.296341144592,154.164447168734,155.027559188514,8.89411764714569,8.89411764708583,8.8941176433571,112.256237025795,103.110993234605,104.353176634603,26.5200520593984,25.5267269670645,25.3371912769556
travel,2,1,3,4,167.421087575969,152.073339806012,152.70973181303,7.43151785026977,5.97208822336267,5.89959109435248,111.939282376966,99.4116553799846,100.223526607229,27.7409025995014,26.3308422130139,26.2431026029005
dwell,3,1,2,4,165.077069653417,164.610594855008,153.815621850472,5.94444442633039,5.94444444448006,5.94444444447114,110.82359343119,112.475933885098,100.792990976442,27.1267381111138,26.0673304849553,26.5113154370148
travel,3,1,2,4,166.061509674164,164.101370726001,153.137400052379,7.35930977584908,6.09440403399136,7.35727485455272,111.405564474758,110.659967672273,100.363455231113,27.327972599703,26.7207015268644,26.3869724106335
dwell,4,1,2,3,156.712267589421,156.275469159343,170.715872204095,7.68045976774065,7.68045974669056,7.68045976717972,106.515657979294,105.551367261766,117.021306511837,25.0983048050636,25.3620509487885,26.8472828461291
travel,4,1,2,3,152.386531775283,152.653342379453,172.087308375775,4.74708281334257,5.85932769205525,7.43151785208078,100.91854774579,100.695513555134,116.457401005542,25.7339920147466,25.9789144121599,27.8149536851167
dwell,1,2,3,4,146.398269661081,162.545500231226,161.83900017041,5.84444443752654,5.84444444077535,5.84444444474327,93.8230827326344,108.121753079363,110.562665250962,26.2875934642232,27.2118735759313,25.6381674597244
travel,1,2,3,4,147.699851925219,166.43913323192,163.727376542946,7.37156731598421,7.34673795507419,4.88369025349976,95.4813355360297,111.566825527788,110.750099777026,26.1092581945946,27.436153852066,26.4886383829601
dwell,2,1,3,4,166.26299588699,155.46579166125,156.15507435058,8.91176470536654,8.91176468541441,8.91176470610302,113.258382024633,104.417220082664,105.493943705857,26.5023069311783,25.5242857892929,25.3305653223617
travel,2,1,3,4,168.503146401692,153.593339805979,154.00848550658,7.4315178494245,5.97208822332838,5.89959109059365,113.097803566905,100.931655407296,101.550827248432,27.7026714173936,26.3308421993416,26.2288291290741
dwell,3,1,2,4,165.053250784923,165.019752137928,153.994519128818,5.91111110716693,5.91111110541195,5.91111110935023,110.798983295047,112.8551677341,100.956351750885,27.127133744938,26.0822922019139,26.5190836889666
travel,3,1,2,4,167.459007226338,165.921370725946,154.74244406224,7.35930976791543,6.09440403386981,7.357274852745,112.868284637335,112.479967254311,101.99210351554,27.2953612945016,26.7207017358176,26.3751702733503
dwell,4,1,2,3,159.476131528339,159.260194561169,173.672075352587,7.80000000011501,7.79999999855157,7.7999999999744,109.344290752008,108.591933363962,120.066362569824,25.0659203881656,25.3341305986037,26.8028563913818
travel,4,1,2,3,154.392031898157,154.965536822456,174.348585989771,4.74708280766001,5.85932768796965,7.43151785138497,102.993040747577,103.037179768378,118.773678737198,25.6994955752899,25.9641785270395,27.7874536262861
dwell,1,2,3,4,148.75874410912,164.908179351593,164.492474539591,6.02222221449111,6.02222222086026,6.0222222221487,96.2921782961504,110.623750738236,113.292969111725,26.2332829064848,27.1422143066784,25.599752713933
travel,1,2,3,4,148.21848532004,166.910638449301,164.557030107632,7.37156731408102,7.34673794839054,4.88369025385197,96.0242692915157,112.086009094244,111.569520754928,26.0971080142623,27.4123146775285,26.4937546763524
dwell,2,1,3,4,167.219846308399,156.076120045374,157.023655792476,9.0000000000607,8.99999999397601,8.99999999872544,114.249850155487,105.074595793192,106.394248918939,26.4849980764558,25.500762126091,25.3147034367684
travel,2,1,3,4,167.389550447881,152.010386326263,152.809731813102,7.43151785001159,5.97208822162823,5.89959109444389,111.930790748008,99.3699033624245,100.323526331995,27.7293798499367,26.3202414819191,26.2431027405538
dwell,3,1,2,4,162.902855699804,162.86585713543,151.821000389245,5.93333331894794,5.9333333328835,5.93333333087435,108.636680827417,110.693050272731,98.7784138642157,27.1330874361939,26.0864034313497,26.5212932625145
travel,3,1,2,4,166.572375008947,164.986983101988,153.763645038624,7.3593097726241,6.09440404911211,7.3572748540893,111.942618949241,111.514135708648,100.995614790989,27.314878029853,26.7364236966704,26.3840151238174
dwell,4,1,2,3,157.575619668563,157.412975200945,171.501116829615,7.71034482724528,7.71034481067033,7.71034481706918,107.39770068061,106.694998785859,117.780548802761,25.0889594939763,25.358988207543,26.8602840134271
travel,4,1,2,3,152.954712668841,153.552361725097,172.548585989767,4.74708281128034,5.85932769401287,7.43151785138021,101.511542161154,101.579701647305,116.97367814115,25.7215852538435,25.986330038896,27.7874539243087
dwell,1,2,3,4,145.559777822806,161.232440674973,160.86471778786,5.85555555518252,5.85555555548976,5.85555555573421,92.9729426083527,106.824665236569,109.572146936596,26.2934176072264,27.2038877192021,25.6462854256316
travel,1,2,3,4,146.410212310637,164.623788949303,162.355850840222,7.37156731942602,7.34673795314082,4.88369025570099,94.1487647704438,109.765147658672,109.316817378525,26.1307237700967,27.4293206453154,26.5195167308483
dwell,2,1,3,4,165.85217117137,154.923379042483,155.948702656749,8.823529409212,8.82352940872662,8.82352940080259,112.804903489297,103.848382271445,105.246365352648,26.5236338410365,25.5374983855193,25.3511686520505
travel,2,1,3,4,167.280617174993,152.242587853167,153.085846473443,7.43151784958497,5.97208822291142,5.89959109731445,111.860062410929,99.5862144649857,100.578088195905,27.7102773820323,26.3281866940904,26.2538791387693
dwell,3,1,2,4,164.939339648393,164.878113383411,154.12879548849,5.95555555546727,5.95555555375979,5.95555554304867,110.715920581796,112.741702944299,101.103951250529,27.1117095332982,26.068205219556,26.5124221189804
travel,3,1,2,4,168.022472310983,166.40606684219,155.53990072007,7.35930976560615,6.094404019712,7.35727485359868,113.451154796034,112.995891094051,102.777776112196,27.2856587574747,26.7050878740698,26.3810623039367
dwell,4,1,2,3,160.182621428309,159.916786376814,174.431305776226,7.77011494144095,7.77011493973292,7.77011494264071,110.044650005075,109.244862119891,120.814995192954,25.0689857116171,25.3359621284616,26.8081552916359
travel,4,1,2,3,157.860099530775,158.216591071674,177.826679069295,4.7470828041181,5.8593276793552,7.43151785062951,106.504671786866,106.35363357282,122.314004667213,25.6777138719545,25.9314787494269,27.7563372010411
dwell,1,2,3,4,151.595186750928,167.977707574592,167.587319504081,6.12222221916955,6.12222222208192,6.12222222205823,99.2043985784897,113.779042921062,116.486455365218,26.1953940862192,27.0993323267651,25.5504320694315
travel,1,2,3,4,150.066326410579,168.962727022459,166.609125717238,7.37156731029217,7.34673794198539,4.8836902521575,97.9202114184969,114.185347291142,113.672541305213,26.0730574960412,27.3886898656582,26.4682922060127
dwell,2,1,3,4,167.533255022776,156.111829730351,157.103592217641,9.07058823567721,9.07058823510726,9.07058823517803,114.584576289328,105.14133545736,106.501539573589,26.4743393667238,25.4852471364953,25.3010263220264
travel,2,1,3,4,169.077227021374,153.325563731734,154.133216411563,7.43151785018739,5.97208821861814,5.89959108963613,113.603114635459,100.721903421932,101.682661353321,27.7370561929574,26.3018301549014,26.2252775291211
dwell,3,1,2,4,166.171487456827,165.774125856482,154.711760198202,6.06666665416335,6.0666666611249,6.06666665365189,111.996782459592,113.699653116569,101.769331504971,27.0873524986174,26.0372363699565,26.4712143466157
travel,3,1,2,4,166.519209186858,164.669873722253,153.368731669887,7.35930977499411,6.09440403884074,7.35727485235214,111.869823768292,111.218013182783,100.624269954189,27.3246927092829,26.7259302697349,26.3722308578488
dwell,4,1,2,3,156.872631946948,156.497355853329,170.906559223144,7.75517240375709,7.75517241363209,7.75517241415477,106.704719565106,105.799190960579,117.249204855336,25.0839561909211,25.3490824463748,26.828677183904
travel,4,1,2,3,152.505775573664,152.853342379398,172.287308375776,4.74708281255452,5.85932769198247,7.4315178520825,101.047740300965,100.895513306946,116.657400782205,25.7290176363493,25.9789145362259,27.8149537967857
dwell,1,2,3,4,147.973489585491,164.203752422862,163.464701641242,5.91111111107357,5.91111110572448,5.91111110943914,95.4444153275225,109.834558380751,112.237419477725,26.2645371289844,27.1845970210553,25.6136410817584
travel,1,2,3,4,146.782723849905,165.501823498661,162.807030107631,7.37156731647925,7.34673795607684,4.88369025385015,94.5581063910269,110.622669339097,109.81952090032,26.1123087294391,27.4395770797819,26.4937546036555
dwell,2,1,3,4,162.977809854499,151.986150441295,152.788079045169,8.77058823521497,8.77058823014263,8.77058823348385,109.863377729694,100.869356307314,102.017536424343,26.5572160624029,25.5583970669906,25.3852713104133
travel,2,1,3,4,163.616506972004,148.444831109621,149.064056044875,7.43151785109449,5.97208822970688,5.8995911043689,108.065014387522,95.708014056813,96.5055302253002,27.7757462922414,26.3684085264041,26.2792629097875
dwell,3,1,2,4,158.424207919453,158.06464836011,147.4246600166,5.68888888732116,5.68888888483877,5.68888888889404,103.956007359649,105.73828080826,94.2061999464743,27.2341002799021,26.1631837759253,26.609230035063
travel,3,1,2,4,160.904867348902,159.074634648809,148.240813110603,7.35930979118387,6.09440410430956,7.35727444325773,106.129392786937,105.495386406578,95.3527430594229,27.3877372809823,26.7896241211157,26.44403502559
dwell,4,1,2,3,151.434663917966,151.280434789704,164.873572351821,7.35172412106243,7.35172412376115,7.35172413743168,101.081347520263,100.38267054539,110.988117677668,25.1766581988517,25.448882122157,26.9427273370767
travel,4,1,2,3,147.369281856603,147.917133934954,166.234063137581,4.74708282462533,5.85932771406381,7.43151785249512,95.7742548319112,95.8080897432077,110.572496146916,25.797513512346,26.054522095873,27.8307834953325
dwell,1,2,3,4,144.692863274414,159.932429783354,159.069914072974,5.62222221246069,5.62222222227266,5.62222222140338,91.9561889423102,105.369457170987,107.691487726343,26.3683371660521,27.2814863061836,25.6892131733159
travel,1,2,3,4,143.462208811323,161.030996246505,158.276012449045,7.37156688347135,7.34673796302627,4.88369025532324,91.0942990771419,106.103667982348,105.247332269552,26.1839548670907,27.4636641320785,26.5143400897463
dwell,2,1,3,4,163.002050596038,152.123122233677,152.828723156862,8.5058823527869,8.5058823527842,8.5058823359247,109.771322241558,100.908236765077,102.007833097159,26.6153641772401,25.6074427342998,25.4104450298512
travel,2,1,3,4,163.620614438667,148.706621536207,149.188544862125,7.43151785072196,5.97208823063898,5.89959110330963,108.100196935509,95.9589516409283,96.6373127110419,27.7602087515793,26.3738349476395,26.2756160755415
dwell,3,1,2,4,159.340942364311,159.148695784361,148.410783207552,5.68888887731442,5.688888887046,5.68888888233339,104.890378921952,106.826534795609,95.2014050928128,27.2252817211797,26.1610804943761,26.6046890573697
travel,3,1,2,4,160.477381598815,158.912593990204,147.940813110602,7.35930978854931,6.09440411626633,7.35727444325691,105.722022022242,105.311768076573,95.0527434167222,27.3776797882866,26.8004129568156,26.44403484694
dwell,4,1,2,3,154.481659193257,154.305708120076,168.066995275711,7.4862068962979,7.48620687333205,7.48620689588983,104.198909421646,103.481226467007,114.272057984248,25.1413748858052,25.4122408265349,26.8974686457314
travel,4,1,2,3,150.041880450856,150.598646383242,169.124906036951,4.74708281864524,5.85932770483293,7.43151785177334,98.5135421692928,98.5508716617541,113.518632173059,25.7641691407815,26.0238873607439,27.8031369319458
dwell,1,2,3,4,145.271604414062,160.626078300764,160.062725090988,5.72222222225984,5.7222222219081,5.72222222235997,92.6004296532115,106.136692662514,108.722432381523,26.3355873804252,27.2446928191251,25.670146354733
travel,1,2,3,4,145.991179111869,163.806455057827,161.316447348974,7.37156688320504,7.34673795411278,4.88369025456654,93.6862761103513,108.940985063899,108.308400175313,26.1524515007587,27.4327349969638,26.5040235868307
dwell,2,1,3,4,164.102511252274,153.121139216277,154.056821685124,8.62941176457052,8.62941176302899,8.62941173919411,110.940406142192,101.962175160571,103.280195138821,26.5810525550409,25.5794820278527,25.3883132731517
travel,2,1,3,4,165.361087575971,150.298859157001,151.037575392315,7.43151785027352,5.97208822646945,5.89959110128631,109.879283220609,97.5997899010046,98.5008894090074,27.740902177681,26.3495346279982,26.2683429916541
dwell,3,1,2,4,161.035033169162,160.876303641904,150.192556855582,5.79999998804257,5.79999999998694,5.79999999169898,106.673173661345,108.627156821183,97.0536179947879,27.1809297539086,26.1245734103602,26.5694694303969
travel,3,1,2,4,161.12513768922,159.634634648699,148.692897522955,7.35930978419797,6.09440410404972,7.35727444320876,106.403128230379,106.055385171106,95.8169989357986,27.3610047294204,26.7896247387963,26.4379492935783
dwell,4,1,2,3,155.044021891974,154.920355096728,168.857242491362,7.51609193729195,7.51609194042543,7.51609195308568,104.780055333988,104.113697194208,115.081394368173,25.131983278993,25.4033289512597,26.8879240615945
travel,4,1,2,3,151.628159302345,152.185254514848,170.99080291275,4.74708281507801,5.85932769933247,7.4315178516722,100.140183370597,100.175239161826,115.39238573986,25.7439879658739,26.0050076765105,27.7992085864446
dwell,1,2,3,4,145.366279850609,160.906931149842,160.317389570394,5.77777776848559,5.7777777777268,5.77777777775027,92.7299641774713,106.446814234327,109.002747674212,26.3181578365687,27.2300584577573,25.6573209480913
travel,1,2,3,4,146.669123247605,164.736455057795,162.186720324373,7.37156732098152,7.34673795407,4.88369025420179,94.3891168889222,109.870985174174,109.188953915182,26.1400031793414,27.4327349418108,26.4988832045959
dwell,2,1,3,4,163.546639737692,152.64144711651,153.567806301396,8.64705882343355,8.64705882353779,8.64705882288006,110.392092249317,101.48405588801,102.690329121941,26.5772737441872,25.57869561425,25.4387385897278
travel,2,1,3,4,162.564564877743,147.565721618915,148.366278410577,7.4315178508141,5.97208823016232,5.89959110851699,107.036394271599,94.8234816747979,95.778437921436,27.7640853030725,26.3711199720586,26.2939202445705
dwell,3,1,2,4,159.397052780314,159.27044331319,148.651204676288,5.73333333170381,5.73333332912214,5.7333333333212,104.981654016063,106.972467215886,95.4606088383726,27.2076993821256,26.1489880486522,26.5952979189577
travel,3,1,2,4,163.295549824707,161.630366224401,150.871107995658,7.35930978075385,6.09440407537225,7.35727444313477,108.600068231591,108.104625016425,98.0133955712671,27.3477407965581,26.7628706039882,26.4288562121953
dwell,4,1,2,3,154.757713158624,154.637166825619,168.456249017239,7.47126436666256,7.47126436642146,7.47126436742158,104.474031154097,103.809417087367,114.66152932757,25.1418410022636,25.413874869126,26.8973598448341
travel,4,1,2,3,149.930891396955,150.568646383259,169.13902463083,4.74708281773776,5.85932770485638,7.43151785187406,98.4126914394349,98.5208717642816,113.524883768319,25.7590999787599,26.0238873094889,27.8070704312554
dwell,1,2,3,4,146.245861425796,161.699048782152,161.12011136841,5.77777777785529,5.77777777642138,5.77777777788104,93.6124763645205,107.251240247951,109.816408820074,26.3166925306379,27.2239042671005,25.6518512741679
travel,1,2,3,4,145.878146195688,163.756455057839,161.266447348977,7.37156688318396,7.3467379541295,4.88369025457341,93.5794835947338,108.89098500957,108.258400674706,26.1493313004769,27.4327350241346,26.5040233371356
dwell,2,1,3,4,162.935828587826,151.881564301428,152.857019460937,8.59411764754102,8.59411763947629,8.59411764708124,109.750113924371,100.703215613913,102.060150625747,26.5928573317277,25.5891743437577,25.398434417595
travel,2,1,3,4,163.232511108425,148.063949986625,148.890696060469,7.43151785100066,5.97208822922201,5.89959110751114,107.688802985934,95.3325474202904,96.3102052988143,27.7718540612456,26.3657012831671,26.2902453808272
dwell,3,1,2,4,160.337298663823,159.943533223596,149.457332031281,5.76666666610193,5.76666666618627,5.76666666633852,105.939502526187,107.680582095104,96.2912421403721,27.1988980688178,26.1314755642459,26.5830449454545
travel,3,1,2,4,164.535549824731,162.52698310192,151.949418418223,7.35930978078455,6.09440404896171,7.35727444306507,109.840067657734,109.054135660142,99.1098082190054,27.3477410834984,26.7364237208889,26.4198050996086
dwell,4,1,2,3,156.581723123767,156.112477828912,170.209874381692,7.54597699774065,7.5459770107411,7.54597701141736,106.329301980643,105.333000800523,116.467074615604,25.1262105715617,25.3897385141942,26.8713998830436
travel,4,1,2,3,151.269941656472,151.536038005261,170.42671522133,4.74708281685481,5.85932769717335,7.43151785157607,99.7618482425858,99.5410130122046,114.836145323707,25.754046706943,25.9975124965282,27.7952849488112
dwell,1,2,3,4,147.141282333229,162.903125473976,162.479829850029,5.79999999509916,5.799999981877,5.79999999429297,94.5399454218448,108.478806029665,111.130669810886,26.3006684556919,27.2121597221554,25.6745800195715
travel,1,2,3,4,148.742723849909,167.035461770401,164.647759475337,7.37156731648307,7.34673794652549,4.88369025315523,96.5181063080314,112.224375738679,111.680691375709,26.1123087709388,27.4055430158612,26.483534049814
dwell,2,1,3,4,165.813157794865,154.718901657848,155.731316449561,8.82352941217958,8.82352940069128,8.82352938140603,112.741546939474,103.645536198802,104.983864444003,26.5358054276951,25.5366827295231,25.373726002779
travel,2,1,3,4,168.158146401963,152.910386326251,153.709731813041,7.43151784975714,5.9720882216167,5.8995910943654,112.722340962463,100.269903382525,101.223526218825,27.7179027197503,26.3202414718633,26.2431027971078
dwell,3,1,2,4,164.865633264099,164.654168068385,153.857742931431,5.9666666635999,5.96666666024432,5.96666664927752,110.637598412596,112.523216135687,100.841721718652,27.1140174257517,26.0654759663491,26.5080106063895
travel,3,1,2,4,166.607874714617,164.901370726035,153.937400052368,7.359309771022,6.09440403406252,7.35727485453995,111.991163324258,111.459967636091,101.163454723301,27.3083556951797,26.7207015449716,26.3869726645337
dwell,4,1,2,3,156.150307683752,156.002456760296,170.315722898917,7.63563217401201,7.63563217087157,7.63563216885826,105.94235648494,105.252771058348,116.592598614262,25.1039755994058,25.3748428509741,26.8615621423272
travel,4,1,2,3,150.256924229509,150.935254514814,170.138291061637,4.74708281384983,5.85932769928783,7.43151785260123,98.7839542593647,98.9252386088566,114.468782311462,25.7364849850723,26.0050079529789,27.8347543750875
dwell,1,2,3,4,143.594998805666,159.440783763021,158.75692700579,5.79999999690562,5.79999999976543,5.79999998633101,90.9674098323453,104.964385507446,107.431160436186,26.3137944866604,27.2381991277874,25.6628832848017
travel,1,2,3,4,145.219123247609,163.670996246506,161.035726670697,7.37156732098601,7.34673796302589,4.88369025609815,92.9391169238644,108.743668309005,107.986316283477,26.1400031618724,27.4636639687506,26.5247051936103
dwell,2,1,3,4,162.063678284699,151.501928947855,152.338593969254,8.64705882278997,8.64705880856278,8.64705882347068,108.912048566787,100.328216886685,101.552048279335,26.5758148589558,25.5868560305847,25.3932728449593
travel,2,1,3,4,164.12338132371,149.557530883178,150.165131587386,7.43151785009908,5.97208823109584,5.89959110642851,108.656950137549,96.8044232411708,97.5919765579164,27.7332155930803,26.3765538210036,26.2865775147348
dwell,3,1,2,4,160.332914206632,160.158684085358,149.803357182409,5.6888888880075,5.68888888760513,5.68888888281583,105.906342594105,107.857913568855,96.5876253456501,27.2132858062636,26.1503852582513,26.6078659183794
travel,3,1,2,4,160.990320846365,159.446819880914,148.912771293498,7.35930978246675,6.09440409224652,7.35727486499798,106.2815928291,105.88904834182,96.0063740925188,27.3543640086322,26.7788857695469,26.4531986004896
dwell,4,1,2,3,155.229748490047,155.093038701505,169.118278382879,7.44137930711088,7.44137931033885,7.44137930538126,104.941449204477,104.24209123081,115.302404096167,25.1441496427851,25.4254737353476,26.9079371433558
travel,4,1,2,3,153.596148898268,154.032361725158,172.98454437637,4.74708281295339,5.85932769409292,7.43151785128255,102.133143134234,102.059702308181,117.41745258149,25.7315028820171,25.9863297084885,27.7835458974399
dwell,1,2,3,4,147.349399511195,163.057321876287,162.426226802807,5.84444443725228,5.84444443586787,5.84444442554176,94.7653049092179,108.65498609649,111.164266160778,26.2920473009885,27.2011678898989,25.6309803210142
travel,1,2,3,4,148.658504264316,166.910638449318,164.259125717238,7.37156731747165,7.34673794841326,4.88369025215817,96.4216526667054,112.086009399999,111.322541590797,26.1184257988055,27.4123145246593,26.4682920632205
dwell,2,1,3,4,168.00563546143,156.959056543636,157.688792748806,8.89411764700412,8.8941176448971,8.89411764711039,114.996495928789,105.919279053233,107.034750992998,26.5045697663203,25.5198887452013,25.3270208779043
travel,2,1,3,4,167.828146401961,152.621111133894,153.1584855066,7.43151784975396,5.9720882220129,5.89959109061968,112.392339587793,99.9753384390146,100.700827597617,27.717903407084,26.3228863474395,26.2288289544917
dwell,3,1,2,4,163.02257328418,163.175160591325,151.85789064289,5.91111109321752,5.91111111107078,5.91111109582014,108.748267938039,110.978436414218,98.8114480021394,27.1371526730707,26.0983620885536,26.5232213203752
travel,3,1,2,4,165.026919929988,163.769148505659,152.187400052336,7.35930977419365,6.0944040808715,7.35727485450555,110.384085359124,110.232754442228,99.4134548706649,27.3214172854318,26.7681970317156,26.3869725908356
dwell,4,1,2,3,157.228944282525,157.255785283521,171.209305072658,7.74022987714758,7.74022985470334,7.74022988405074,107.063537523842,106.541488255245,117.567045569587,25.0827033793417,25.357148514138,26.8211297515359
travel,4,1,2,3,155.102562341483,155.788861951164,174.758530422351,4.74708280843453,5.85932769098231,7.43151785090708,103.693806606341,103.838424704134,119.222595638572,25.7043778675711,25.9752186235151,27.7679673918897
dwell,1,2,3,4,148.192815117425,163.894015019989,163.422927229333,5.95555555533001,5.95555555030554,5.95555554040569,95.6720385142212,109.570126683081,112.214356454923,26.2603883016019,27.1619441684539,25.6042853872048
travel,1,2,3,4,146.817266810966,164.965862747971,162.586720324374,7.371567318987,7.34673795028609,4.88369025420418,94.5619843534153,110.127654759806,109.58895411534,26.1276412287754,27.4191039940826,26.498883104517
dwell,2,1,3,4,165.302187998611,154.099553369755,155.08627341976,8.78823529353518,8.78823529435243,8.78823529376491,112.213939661364,103.010852450809,104.373294169249,26.5441241686236,25.544350459473,25.3564896252558
travel,2,1,3,4,166.238853396883,150.844100848619,151.661252589183,7.43151785045376,5.97208822382626,5.89959109831418,110.741635036722,98.1770978586916,99.1462831274418,27.7486091800801,26.3335014949637,26.2574847308705
dwell,3,1,2,4,160.804823139308,160.600547603405,149.770113007017,5.84444442716917,5.84444444451729,5.84444443352338,106.459174034136,108.366878702015,96.6587738731223,27.1728245525864,26.1168344506953,26.5556695669476
travel,3,1,2,4,163.250320846416,161.569148505742,150.525543973165,7.35930978253344,6.0944040810625,7.3572744430423,108.541593041289,108.032755654291,97.6919491255949,27.3543639025635,26.7681964257253,26.4167974237848
dwell,4,1,2,3,155.604471370325,155.36673312484,169.284018657738,7.57586204456321,7.57586206903983,7.57586205981088,105.36151263141,104.585750037392,115.548701552504,25.1214793694573,25.3904915437242,26.8676585526171
travel,4,1,2,3,153.676924229486,154.032361725128,172.896506972003,4.74708281382699,5.85932769405517,7.4315178510917,102.203954102552,102.059701896181,117.345013757323,25.7364850634672,25.9863299144737,27.7757466073397
dwell,1,2,3,4,148.926684246279,164.651168651405,164.059411051394,5.86666666665957,5.86666666655511,5.86666666398525,96.365892824772,110.280967447392,112.823634574363,26.2803957107537,27.185100602007,25.6178882385159
travel,1,2,3,4,149.709851925215,167.937785576008,165.320814930597,7.37156731597971,7.3467379436886,4.88369025122038,97.4913356038933,113.146949224933,112.414502029109,26.1092581606608,27.3954181755375,26.4531564507435
dwell,2,1,3,4,167.568176896486,156.317542832838,157.130550072472,8.87647058854353,8.87647057952712,8.87647058312586,114.536690954577,105.272916333894,106.467903712562,26.5157429709546,25.5223132494722,25.3313231799553
travel,2,1,3,4,168.389550447883,152.928963712095,153.533216411517,7.43151785001479,5.97208822078188,5.8995910895785,112.930791190541,100.299037596484,101.082661420898,27.7293796286709,26.3149630578054,26.2252774953096
dwell,3,1,2,4,162.234578493183,162.220704983642,150.950096913843,5.91111111016818,5.91111109968823,5.9111111083721,107.942808288135,110.018894093028,97.8980649486622,27.1458851025238,26.1009054453073,26.5260159825906
travel,3,1,2,4,162.520320846388,161.183596173422,149.580155858567,7.35930978249767,6.09440411006567,7.3572744429517,107.811592562443,107.593570626519,96.7705312143443,27.3543641419726,26.7950127734515,26.4048123221112
dwell,4,1,2,3,153.478276640981,153.573756073984,167.315897149399,7.5908045976555,7.59080458812529,7.59080459067126,103.236063288162,102.777333610999,113.563144976078,25.1211066764096,25.3982112314924,26.8763760866603
travel,4,1,2,3,148.860891396951,149.757725238819,168.33406313758,4.74708281773376,5.85932770942427,7.43151785249383,97.3426911413788,97.6794485426901,112.672495561024,25.7591001277859,26.0391383480646,27.8307837882779
dwell,1,2,3,4,144.311437893159,159.679753150028,158.858250591922,5.74444443932022,5.74444442567576,5.7444444286093,91.6401908886823,105.18316010986,107.52980923602,26.3356235022385,27.248296520084,25.6642206779512
travel,1,2,3,4,144.1096430761,161.930996246495,159.176012449039,7.37156688336399,7.34673796301232,4.88369025530896,91.7670682466778,107.003667972308,106.147331801797,26.1712874147112,27.4636641370934,26.5143403236209
dwell,2,1,3,4,163.118523197826,152.356736136312,153.063874979614,8.55882352780919,8.55882350113714,8.55882352969947,109.920679757723,101.157206341341,102.260619165739,26.5989217200515,25.5997648974859,25.4016279069377
travel,2,1,3,4,164.81108757597,150.034831109612,150.487575392273,7.43151785027168,5.97208822969731,5.89959110123219,109.329282835832,97.2980138233459,97.950889240452,27.7409023700692,26.3684086431331,26.2683430759108
dwell,3,1,2,4,160.985651682911,160.281692318989,149.613647436455,5.71111109668917,5.71111109824961,5.71111110359277,105.013562794561,107.984493349748,96.3439564142234,27.986044444175,26.1485994846204,26.6348455111159
travel,3,1,2,4,164.876144438777,163.105589765881,152.351680522239,7.35930977744364,6.09440405397847,7.35727444302117,110.207053992167,109.622212027396,99.5240922922041,27.3345452233049,26.7416888692427,26.4137941150176
dwell,4,1,2,3,157.21334110549,156.901838535236,170.959785624363,7.59080459782934,7.59080459771167,7.59080459475539,106.98557247122,106.139957730689,117.246990060949,25.1138843171351,25.3809404022732,26.8563977817069
travel,4,1,2,3,155.184712668889,155.459959240825,174.470614438667,4.74708281132694,5.85932768895478,7.43151785072232,103.74154282917,103.524257540154,118.950197526967,25.7215849198596,25.9678508503354,27.7602084558499
dwell,1,2,3,4,148.226115907352,163.985810762183,163.586060759102,5.8777777771988,5.8777777760433,5.87777775707381,95.6712095866474,109.619564465169,112.338099296389,26.2774531603524,27.183123148507,25.6239807313564
travel,1,2,3,4,146.874333659623,165.043244632841,162.766447348973,7.37156731843765,7.3467379492837,4.88369025456468,94.6252053525379,110.211829971343,109.758400270973,26.1245641535423,27.415707330749,26.504023539
dwell,2,1,3,4,165.343550688514,154.111962863101,155.175200446593,8.80588235228046,8.80588235282995,8.8058823519801,112.264309506422,103.031815466593,104.466398894286,26.539620591046,25.5400736982538,25.3544007761537
travel,2,1,3,4,166.05885339688,150.623339806017,151.536676077405,7.43151785045005,5.97208822336783,5.8995910992776,110.561634421317,97.9616554420176,99.0144817818179,27.7486094877817,26.3308421819998,26.2610971477936
dwell,3,1,2,4,162.527590336675,162.27092574109,151.484456532687,5.91111110206282,5.91111111070874,5.91111110546177,108.238674552652,110.03269163299,98.4218540197513,27.1444578920118,26.1191170540501,26.531301256468
travel,3,1,2,4,164.996144438798,163.225589765882,152.256336108927,7.35930977747042,6.09440405397986,7.35727444292816,110.327054221275,109.742211925191,99.4526806672576,27.3345451087613,26.7416889203452,26.4018277208349
dwell,4,1,2,3,157.857390290549,157.469902075953,171.695743723274,7.68045975211447,7.68045977042792,7.68045975938078,107.665512789029,106.74815106515,118.026041095804,25.0959387507604,25.3608755054015,26.834851313735
travel,4,1,2,3,155.713734855579,155.916749520825,175.164564877742,4.74708281004694,5.85932768599322,7.43151785081351,104.285359803618,104.003033792454,119.636394012818,25.7141875259802,25.9568578641858,27.7640854324621
dwell,1,2,3,4,150.759165012451,166.8623048308,166.374138737851,5.97777774941872,5.97777776004276,5.9777777771724,98.2813478456766,112.574000579247,115.147476958545,26.2389085833874,27.1441521257764,25.6133308896531
travel,1,2,3,4,149.255673774023,167.797785576049,165.359125717237,7.37156731356843,7.34673794374253,4.88369025215493,97.0675065408389,113.006949420477,112.422541446153,26.0940836165922,27.395418077786,26.4682921355419
dwell,2,1,3,4,168.307005643561,156.931382283022,157.820778293404,9.01764705908787,9.01764705914995,9.01764705881464,115.339424685214,105.944850557428,107.20890285499,26.4837904791738,25.4932658627968,25.305937719207
travel,2,1,3,4,170.458146401963,154.803630286405,155.457123168847,7.43151784975802,5.97208821741323,5.89959108507524,115.022340147462,102.215643936151,103.041885169393,27.7179031272508,26.2939931751268,26.2076189997275
dwell,3,1,2,4,164.691751642123,164.560812831431,153.253007603447,6.02222220241313,6.02222222171063,6.02222221943619,110.483700729449,112.382197304603,100.280976184874,27.1040254563366,26.0893077634139,26.4860157092862
travel,3,1,2,4,165.243821416504,163.721619353785,152.116167070158,7.35930977661486,6.09440407005676,7.35727485317951,110.581307245462,110.20650655928,99.3599391702669,27.3312570855209,26.7575563972525,26.3781139499455
dwell,4,1,2,3,156.85684257496,156.676901231579,170.818541801872,7.77011493987156,7.77011491458651,7.77011494268306,106.695761735343,105.976676545554,117.182385462227,25.0805404198086,25.3501123430126,26.8180781698223
travel,4,1,2,3,152.855057483383,153.412361725124,172.540802912749,4.74708281168519,5.85932769404963,7.43151785167247,101.406940140281,101.439702128304,116.942386285371,25.7240586715509,25.9863297984099,27.799208313689
dwell,1,2,3,4,146.94650042939,162.818430163619,162.215321426549,5.88888888906438,5.8888888860443,5.88888887596897,94.3888185279862,108.43534593485,110.964964823417,26.2788409507021,27.1915421143846,25.6251783015659
travel,1,2,3,4,148.05560795159,166.498492821186,163.897759475331,7.3715673169734,7.34673795117377,4.88369025314332,95.8248789163025,111.653482415621,110.930691332658,26.1153645176439,27.4225052027824,26.4835340713368
dwell,2,1,3,4,166.649668989743,155.704243911366,156.492343064791,8.87647058721173,8.8764705643842,8.87647058676166,113.625756072478,104.649329004384,105.820591017713,26.5119564586324,25.5274574534906,25.3358760235392
travel,2,1,3,4,167.874374464539,152.792587853162,153.359074567304,7.43151784966944,5.97208822290649,5.89959109239724,112.446199040873,100.136214828718,100.887169418428,27.7140877118329,26.3281865122221,26.2359525744381
dwell,3,1,2,4,162.788269932086,162.836389468549,151.771558893581,5.87777777594202,5.87777777434391,5.87777777264869,108.493525808977,110.628892217197,98.6982959143084,27.1473720615542,26.1037486256759,26.5366314896362
travel,3,1,2,4,165.036919930013,163.641619353691,152.358729532954,7.35930977422565,6.0944040698435,7.35727485608078,110.394085868907,110.126505950337,99.5669856052252,27.3214170305531,26.7575567016773,26.3958719638645
